日期,天气状况,气温,风力风向,地区
2015年1月1日,晴/晴,4℃/-3℃,南风≤3级/南风≤3级,ZD111
2015年1月1日,晴/晴,3℃/-7℃,南风≤3级/南风≤3级,ZD326
2015年1月1日,晴/晴,2℃/-5℃,南风3-4级/南风3-4级,ZD250
2015年1月1日,晴/晴,1℃/-3℃,北风5-6级/北风4-5级,ZD190
2015年1月2日,晴/晴,6℃/0℃,北风≤3级/南风3-4级,ZD111
2015年1月2日,晴/晴,7℃/-5℃,北风≤3级/南风3-4级,ZD326
2015年1月2日,晴/晴,4℃/-4℃,北风3-4级/南风3-4级,ZD250
2015年1月2日,晴/晴,4℃/0℃,北风3-4级/北风3-4级,ZD190
2015年1月3日,晴/晴,12℃/3℃,南风3-4级/南风≤3级,ZD111
2015年1月3日,晴/晴,10℃/-2℃,南风3-4级/南风3-4级,ZD326
2015年1月3日,晴/多云,10℃/-3℃,南风3-4级/南风≤3级,ZD250
2015年1月3日,晴/多云,7℃/2℃,南风4-5级/南风3-4级,ZD190
2015年1月4日,晴/小雨,13℃/3℃,南风≤3级/南风≤3级,ZD111
2015年1月4日,多云/小雨,13℃/2℃,南风≤3级/南风3-4级,ZD326
2015年1月4日,晴/多云,10℃/0℃,南风3-4级/南风≤3级,ZD250
2015年1月4日,晴/多云,9℃/4℃,南风3-4级/南风3-4级,ZD190
2015年1月5日,阴/多云,8℃/-4℃,北风3-4级/北风3-4级,ZD111
2015年1月5日,小雨/多云,7℃/-5℃,北风4-5级/北风4-5级,ZD326
2015年1月5日,小雨/阴,6℃/-3℃,北风4-5级/北风4-5级,ZD250
2015年1月5日,小雨/阵雨,9℃/-2℃,南风3-4级/北风5-6级,ZD190
2015年1月6日,晴/多云,4℃/-3℃,北风≤3级/北风≤3级,ZD111
2015年1月6日,多云/多云,2℃/-5℃,北风3-4级/北风≤3级,ZD326
2015年1月6日,晴/多云,3℃/-4℃,北风3-4级/北风3-4级,ZD250
2015年1月6日,晴/多云,3℃/-2℃,北风5-6级/北风3-4级,ZD190
2015年1月7日,多云/晴,6℃/-2℃,南风≤3级/南风≤3级,ZD111
2015年1月7日,多云/晴,5℃/-6℃,南风≤3级/南风≤3级,ZD326
2015年1月7日,晴/晴,5℃/-5℃,北风3-4级/南风3-4级,ZD250
2015年1月7日,晴/晴,4℃/-1℃,北风3-4级/北风3-4级,ZD190
2015年1月8日,晴/晴,9℃/-1℃,南风≤3级/南风≤3级,ZD111
2015年1月8日,晴/晴,9℃/-6℃,南风≤3级/南风≤3级,ZD326
2015年1月8日,晴/晴,9℃/-4℃,南风3-4级/南风3-4级,ZD250
2015年1月8日,晴/晴,5℃/-1℃,西北风3-4级/西南风3-4级,ZD190
2015年1月9日,晴/霾,8℃/-1℃,北风≤3级/南风≤3级,ZD111
2015年1月9日,晴/晴,7℃/-6℃,北风≤3级/北风≤3级,ZD326
2015年1月9日,晴/晴,7℃/-5℃,北风3-4级/南风≤3级,ZD250
2015年1月9日,晴/晴,7℃/-2℃,北风3-4级/北风3-4级,ZD190
2015年1月10日,晴/晴,11℃/1℃,南风3-4级/南风≤3级,ZD111
2015年1月10日,晴/晴,12℃/-4℃,南风≤3级/南风≤3级,ZD326
2015年1月10日,晴/晴,12℃/-3℃,南风3-4级/北风3-4级,ZD250
2015年1月10日,晴/晴,9℃/0℃,西北风3-4级/北风3-4级,ZD190
2015年1月11日,霾/晴,8℃/-2℃,北风≤3级/东北风≤3级,ZD111
2015年1月11日,晴/晴,7℃/-6℃,北风≤3级/南风3-4级,ZD326
2015年1月11日,晴/晴,5℃/-6℃,北风≤3级/北风3-4级,ZD250
2015年1月11日,晴/晴,6℃/-3℃,北风3-4级/北风3-4级,ZD190
2015年1月12日,晴/多云,8℃/-1℃,南风≤3级/东南风≤3级,ZD111
2015年1月12日,晴/晴,7℃/-5℃,南风≤3级/南风≤3级,ZD326
2015年1月12日,晴/多云,5℃/-2℃,东南风≤3级/南风3-4级,ZD250
2015年1月12日,晴/多云,4℃/1℃,北风3-4级/南风3-4级,ZD190
2015年1月13日,多云/多云,7℃/-1℃,南风≤3级/南风≤3级,ZD111
2015年1月13日,多云/多云,7℃/-3℃,南风≤3级/南风≤3级,ZD326
2015年1月13日,多云/多云,6℃/-3℃,南风3-4级/南风3-4级,ZD250
2015年1月13日,多云/多云,6℃/2℃,东南风3-4级/东南风3-4级,ZD190
2015年1月14日,霾/多云,8℃/0℃,北风≤3级/南风≤3级,ZD111
2015年1月14日,多云/多云,9℃/-2℃,南风≤3级/南风≤3级,ZD326
2015年1月14日,多云/多云,8℃/-2℃,南风3-4级/北风3-4级,ZD250
2015年1月14日,多云/晴,8℃/2℃,东北风3-4级/北风3-4级,ZD190
2015年1月15日,霾/霾,8℃/0℃,南风≤3级/南风≤3级,ZD111
2015年1月15日,多云/多云,8℃/-2℃,南风≤3级/北风≤3级,ZD326
2015年1月15日,多云/多云,7℃/-1℃,北风3-4级/北风3-4级,ZD250
2015年1月15日,晴/多云,7℃/-1℃,北风3-4级/北风3-4级,ZD190
2015年1月16日,霾/晴,6℃/-4℃,北风3-4级/北风≤3级,ZD111
2015年1月16日,晴/晴,6℃/-8℃,北风3-4级/北风3-4级,ZD326
2015年1月16日,多云/晴,4℃/-6℃,北风3-4级/北风4-5级,ZD250
2015年1月16日,多云/晴,5℃/-2℃,北风3-4级/西北风5-6级,ZD190
2015年1月17日,晴/多云,6℃/1℃,北风≤3级/南风3-4级,ZD111
2015年1月17日,晴/多云,6℃/-3℃,北风3-4级/南风≤3级,ZD326
2015年1月17日,晴/晴,4℃/-2℃,北风≤3级/南风3-4级,ZD250
2015年1月17日,晴/多云,3℃/0℃,北风4-5级/南风3-4级,ZD190
2015年1月18日,晴/晴,9℃/-2℃,西南风3-4级/西北风3-4级,ZD111
2015年1月18日,多云/晴,10℃/-6℃,南风3-4级/北风3-4级,ZD326
2015年1月18日,多云/晴,9℃/-4℃,南风3-4级/北风3-4级,ZD250
2015年1月18日,多云/晴,8℃/0℃,南风3-4级/西北风5-6级,ZD190
2015年1月19日,晴/多云,10℃/3℃,南风3-4级/南风3-4级,ZD111
2015年1月19日,晴/晴,9℃/-1℃,南风≤3级/南风≤3级,ZD326
2015年1月19日,晴/多云,7℃/-2℃,北风3-4级/南风3-4级,ZD250
2015年1月19日,晴/晴,6℃/2℃,北风4-5级/南风3-4级,ZD190
2015年1月20日,多云/雨夹雪,10℃/-1℃,南风3-4级/北风≤3级,ZD111
2015年1月20日,阴/雨夹雪,9℃/-2℃,南风≤3级/南风≤3级,ZD326
2015年1月20日,晴/雨夹雪,9℃/-1℃,南风3-4级/南风3-4级,ZD250
2015年1月20日,阴/阵雨,7℃/2℃,南风3-4级/南风3-4级,ZD190
2015年1月21日,阴/晴,4℃/-5℃,北风3-4级/北风≤3级,ZD111
2015年1月21日,小雪/晴,1℃/-8℃,东北风3-4级/北风3-4级,ZD326
2015年1月21日,雨夹雪/阴,2℃/-4℃,北风4-5级/北风3-4级,ZD250
2015年1月21日,阵雨/雨夹雪,5℃/-2℃,南风3-4级/北风5-6级,ZD190
2015年1月22日,晴/晴,6℃/0℃,南风≤3级/南风3-4级,ZD111
2015年1月22日,晴/晴,5℃/-6℃,南风≤3级/南风≤3级,ZD326
2015年1月22日,晴/晴,5℃/-5℃,北风3-4级/南风≤3级,ZD250
2015年1月22日,晴/晴,4℃/0℃,北风4-5级/北风3-4级,ZD190
2015年1月23日,晴/多云,11℃/0℃,南风3-4级/南风≤3级,ZD111
2015年1月23日,晴/多云,11℃/-3℃,南风≤3级/南风≤3级,ZD326
2015年1月23日,晴/多云,10℃/-3℃,南风≤3级/东风3-4级,ZD250
2015年1月23日,晴/多云,6℃/0℃,南风3-4级/南风3-4级,ZD190
2015年1月24日,雨夹雪/雨夹雪,7℃/-1℃,东北风≤3级/北风≤3级,ZD111
2015年1月24日,小雨/雨夹雪,8℃/-1℃,东北风≤3级/北风≤3级,ZD326
2015年1月24日,多云/雨夹雪,8℃/1℃,东风≤3级/北风3-4级,ZD250
2015年1月24日,多云/小雨,7℃/4℃,北风3-4级/东南风4-5级,ZD190
2015年1月25日,雾/雾,3℃/-1℃,北风≤3级/北风≤3级,ZD111
2015年1月25日,多云/阴,4℃/-4℃,北风≤3级/北风≤3级,ZD326
2015年1月25日,雨夹雪/多云,4℃/-3℃,北风3-4级/北风3-4级,ZD250
2015年1月25日,阴/雾,7℃/1℃,北风3-4级/北风3-4级,ZD190
2015年1月26日,雾/多云,5℃/-4℃,北风≤3级/北风3-4级,ZD111
2015年1月26日,多云/多云,5℃/-5℃,北风3-4级/北风3-4级,ZD326
2015年1月26日,多云/多云,5℃/-5℃,北风3-4级/北风4-5级,ZD250
2015年1月26日,多云/多云,6℃/-3℃,北风3-4级/东北风4-5级,ZD190
2015年1月27日,多云/多云,1℃/-5℃,北风≤3级/东北风≤3级,ZD111
2015年1月27日,晴/晴,2℃/-9℃,北风≤3级/北风≤3级,ZD326
2015年1月27日,多云/多云,0℃/-6℃,北风4-5级/北风3-4级,ZD250
2015年1月27日,晴/晴,1℃/-4℃,北风5-6级/北风4-5级,ZD190
2015年1月28日,多云/小雪,2℃/-4℃,东北风≤3级/南风≤3级,ZD111
2015年1月28日,晴/阴,2℃/-5℃,北风≤3级/南风≤3级,ZD326
2015年1月28日,多云/多云,1℃/-4℃,北风3-4级/南风≤3级,ZD250
2015年1月28日,多云/阴,1℃/-3℃,北风3-4级/北风3-4级,ZD190
2015年1月29日,阴/多云,3℃/-5℃,南风≤3级/北风≤3级,ZD111
2015年1月29日,多云/多云,2℃/-6℃,北风≤3级/北风3-4级,ZD326
2015年1月29日,多云/多云,3℃/-5℃,北风3-4级/北风3-4级,ZD250
2015年1月29日,阴/多云,1℃/-3℃,北风3-4级/北风4-5级,ZD190
2015年1月30日,晴/晴,2℃/-6℃,北风≤3级/北风≤3级,ZD111
2015年1月30日,晴/晴,2℃/-8℃,北风3-4级/北风≤3级,ZD326
2015年1月30日,晴/晴,2℃/-7℃,北风3-4级/北风3-4级,ZD250
2015年1月30日,晴/多云,1℃/-4℃,北风4-5级/北风3-4级,ZD190
2015年1月31日,晴/多云,3℃/-5℃,南风≤3级/南风≤3级,ZD111
2015年1月31日,晴/晴,3℃/-7℃,南风≤3级/南风≤3级,ZD326
2015年1月31日,晴/晴,2℃/-7℃,北风3-4级/北风3-4级,ZD250
2015年1月31日,晴/晴,2℃/-4℃,北风3-4级/北风3-4级,ZD190
2015年2月1日,多云/多云,5℃/-4℃,南风≤3级/南风≤3级,ZD111
2015年2月1日,多云/多云,5℃/-6℃,南风≤3级/南风≤3级,ZD326
2015年2月1日,晴/晴,4℃/-6℃,南风3-4级/南风3-4级,ZD250
2015年2月1日,晴/多云,2℃/-2℃,北风3-4级/无持续风向≤3级,ZD190
2015年2月2日,多云/多云,6℃/-3℃,南风≤3级/南风≤3级,ZD111
2015年2月2日,多云/多云,6℃/-4℃,南风≤3级/南风≤3级,ZD326
2015年2月2日,晴/晴,6℃/-6℃,南风3-4级/南风≤3级,ZD250
2015年2月2日,晴/多云,5℃/-1℃,无持续风向≤3级/南风3-4级,ZD190
2015年2月3日,多云/霾,6℃/-3℃,西南风≤3级/北风≤3级,ZD111
2015年2月3日,多云/多云,6℃/-4℃,南风≤3级/北风≤3级,ZD326
2015年2月3日,多云/多云,5℃/-3℃,北风3-4级/北风3-4级,ZD250
2015年2月3日,多云/多云,6℃/-1℃,北风3-4级/北风3-4级,ZD190
2015年2月4日,晴/晴,4℃/-4℃,北风3-4级/北风≤3级,ZD111
2015年2月4日,晴/晴,4℃/-6℃,北风≤3级/北风3-4级,ZD326
2015年2月4日,多云/多云,4℃/-4℃,北风3-4级/北风3-4级,ZD250
2015年2月4日,晴/多云,4℃/-2℃,北风3-4级/北风5-6级,ZD190
2015年2月5日,晴/晴,6℃/-1℃,北风≤3级/南风≤3级,ZD111
2015年2月5日,晴/晴,4℃/-5℃,北风≤3级/北风≤3级,ZD326
2015年2月5日,多云/晴,4℃/-5℃,北风3-4级/北风3-4级,ZD250
2015年2月5日,晴/晴,3℃/-1℃,西北风4-5级/西北风3-4级,ZD190
2015年2月6日,晴/多云,8℃/-1℃,南风3-4级/南风3-4级,ZD111
2015年2月6日,晴/多云,8℃/-4℃,南风≤3级/南风≤3级,ZD326
2015年2月6日,多云/多云,8℃/-2℃,南风3-4级/南风3-4级,ZD250
2015年2月6日,晴/多云,6℃/-1℃,南风3-4级/南风3-4级,ZD190
2015年2月7日,多云/晴,4℃/-7℃,北风3-4级/北风3-4级,ZD111
2015年2月7日,多云/晴,4℃/-9℃,北风3-4级/北风≤3级,ZD326
2015年2月7日,多云/多云,3℃/-7℃,南风3-4级/北风4-5级,ZD250
2015年2月7日,晴/多云,6℃/-5℃,西南风3-4级/北风5-6级,ZD190
2015年2月8日,晴/晴,2℃/-5℃,北风≤3级/南风≤3级,ZD111
2015年2月8日,晴/晴,2℃/-7℃,北风≤3级/南风3-4级,ZD326
2015年2月8日,晴/晴,1℃/-8℃,北风3-4级/北风3-4级,ZD250
2015年2月8日,晴/晴,0℃/-6℃,北风4-5级/北风3-4级,ZD190
2015年2月9日,晴/晴,8℃/2℃,南风3-4级/南风3-4级,ZD111
2015年2月9日,晴/晴,7℃/-3℃,南风3-4级/西南风3-4级,ZD326
2015年2月9日,晴/晴,8℃/-3℃,南风3-4级/南风3-4级,ZD250
2015年2月9日,晴/晴,5℃/0℃,西风3-4级/西南风3-4级,ZD190
2015年2月10日,晴/晴,12℃/1℃,南风3-4级/南风≤3级,ZD111
2015年2月10日,晴/晴,12℃/-1℃,西南风3-4级/南风≤3级,ZD326
2015年2月10日,晴/晴,13℃/-2℃,南风3-4级/南风3-4级,ZD250
2015年2月10日,晴/晴,8℃/2℃,西南风3-4级/西南风3-4级,ZD190
2015年2月11日,晴/晴,9℃/-2℃,北风3-4级/东北风≤3级,ZD111
2015年2月11日,晴/晴,9℃/-5℃,北风≤3级/北风≤3级,ZD326
2015年2月11日,多云/晴,10℃/-4℃,北风3-4级/北风3-4级,ZD250
2015年2月11日,多云/晴,6℃/-1℃,北风3-4级/北风3-4级,ZD190
2015年2月12日,多云/多云,8℃/-1℃,东北风≤3级/北风≤3级,ZD111
2015年2月12日,晴/多云,7℃/-5℃,南风≤3级/南风≤3级,ZD326
2015年2月12日,多云/多云,5℃/-5℃,北风3-4级/南风3-4级,ZD250
2015年2月12日,晴/多云,6℃/-1℃,北风3-4级/南风3-4级,ZD190
2015年2月13日,晴/晴,12℃/7℃,南风≤3级/南风3-4级,ZD111
2015年2月13日,晴/晴,12℃/4℃,南风≤3级/南风3-4级,ZD326
2015年2月13日,晴/晴,12℃/1℃,南风3-4级/南风3-4级,ZD250
2015年2月13日,晴/晴,7℃/3℃,南风3-4级/南风3-4级,ZD190
2015年2月14日,多云/小雨,18℃/6℃,南风3-4级/南风≤3级,ZD111
2015年2月14日,多云/小雨,18℃/6℃,南风3-4级/南风3-4级,ZD326
2015年2月14日,晴/阴,16℃/4℃,南风3-4级/南风3-4级,ZD250
2015年2月14日,晴/阵雨,9℃/6℃,南风3-4级/南风4-5级,ZD190
2015年2月15日,小雨/雾,9℃/3℃,北风≤3级/北风≤3级,ZD111
2015年2月15日,小雨/阴,9℃/3℃,南风3-4级/北风≤3级,ZD326
2015年2月15日,小雨/阵雨,10℃/3℃,北风3-4级/北风3-4级,ZD250
2015年2月15日,小雨/阵雨,9℃/5℃,南风3-4级/北风5-6级,ZD190
2015年2月16日,雾/晴,11℃/1℃,北风3-4级/北风≤3级,ZD111
2015年2月16日,晴/晴,11℃/-2℃,北风≤3级/北风3-4级,ZD326
2015年2月16日,多云/晴,10℃/-1℃,北风3-4级/北风3-4级,ZD250
2015年2月16日,多云/晴,9℃/1℃,北风4-5级/北风4-5级,ZD190
2015年2月17日,晴/晴,12℃/0℃,东北风≤3级/北风≤3级,ZD111
2015年2月17日,晴/晴,11℃/-4℃,北风3-4级/北风≤3级,ZD326
2015年2月17日,晴/晴,9℃/-3℃,北风3-4级/北风3-4级,ZD250
2015年2月17日,晴/晴,9℃/-1℃,北风3-4级/北风4-5级,ZD190
2015年2月18日,晴/晴,10℃/-1℃,北风≤3级/南风≤3级,ZD111
2015年2月18日,晴/晴,10℃/-6℃,北风≤3级/北风≤3级,ZD326
2015年2月18日,晴/晴,7℃/-5℃,北风≤3级/北风3-4级,ZD250
2015年2月18日,晴/晴,7℃/-2℃,北风4-5级/北风3-4级,ZD190
2015年2月19日,晴/阴,9℃/3℃,南风≤3级/东南风≤3级,ZD111
2015年2月19日,多云/多云,10℃/2℃,南风≤3级/南风≤3级,ZD326
2015年2月19日,晴/多云,7℃/0℃,北风3-4级/南风3-4级,ZD250
2015年2月19日,晴/多云,6℃/2℃,北风3-4级/南风3-4级,ZD190
2015年2月20日,小雨/小雨,7℃/2℃,东南风≤3级/北风≤3级,ZD111
2015年2月20日,小雨/小雨,7℃/2℃,南风≤3级/南风≤3级,ZD326
2015年2月20日,小雨/小雨,7℃/2℃,南风3-4级/南风3-4级,ZD250
2015年2月20日,阴/小雨,6℃/4℃,东南风4-5级/东南风4-5级,ZD190
2015年2月21日,多云/晴,11℃/-2℃,北风3-4级/北风≤3级,ZD111
2015年2月21日,多云/多云,10℃/-6℃,北风≤3级/北风3-4级,ZD326
2015年2月21日,多云/多云,11℃/-3℃,北风3-4级/北风3-4级,ZD250
2015年2月21日,雾/多云,8℃/-1℃,北风3-4级/北风4-5级,ZD190
2015年2月22日,晴/晴,7℃/-2℃,北风≤3级/北风≤3级,ZD111
2015年2月22日,多云/晴,7℃/-6℃,北风3-4级/北风≤3级,ZD326
2015年2月22日,多云/晴,6℃/-4℃,北风3-4级/北风3-4级,ZD250
2015年2月22日,多云/晴,4℃/-1℃,北风5-6级/北风3-4级,ZD190
2015年2月23日,晴/多云,8℃/1℃,南风≤3级/南风≤3级,ZD111
2015年2月23日,晴/晴,8℃/-4℃,北风≤3级/南风3-4级,ZD326
2015年2月23日,晴/晴,8℃/-5℃,北风≤3级/北风3-4级,ZD250
2015年2月23日,晴/多云,6℃/2℃,北风3-4级/南风3-4级,ZD190
2015年2月24日,晴/多云,13℃/3℃,南风3-4级/南风3-4级,ZD111
2015年2月24日,多云/阴,13℃/3℃,南风3-4级/南风3-4级,ZD326
2015年2月24日,晴/小雨,12℃/2℃,南风3-4级/南风3-4级,ZD250
2015年2月24日,晴/多云,7℃/3℃,南风3-4级/南风4-5级,ZD190
2015年2月25日,多云/多云,10℃/-2℃,北风3-4级/北风≤3级,ZD111
2015年2月25日,多云/晴,10℃/-5℃,北风3-4级/北风3-4级,ZD326
2015年2月25日,多云/多云,10℃/-3℃,北风3-4级/北风3-4级,ZD250
2015年2月25日,阴/多云,9℃/-1℃,南风4-5级/北风5-6级,ZD190
2015年2月26日,晴/多云,9℃/0℃,北风≤3级/东北风≤3级,ZD111
2015年2月26日,晴/晴,7℃/-4℃,北风3-4级/东北风≤3级,ZD326
2015年2月26日,晴/晴,7℃/-4℃,北风3-4级/东北风3-4级,ZD250
2015年2月26日,晴/晴,6℃/-1℃,北风4-5级/北风3-4级,ZD190
2015年2月27日,多云/小雪,7℃/-1℃,东北风≤3级/北风≤3级,ZD111
2015年2月27日,多云/多云,7℃/-1℃,东北风≤3级/东北风≤3级,ZD326
2015年2月27日,多云/多云,5℃/-2℃,东风3-4级/北风≤3级,ZD250
2015年2月27日,多云/多云,5℃/0℃,东北风3-4级/东风3-4级,ZD190
2015年2月28日,小雪/晴,6℃/-1℃,南风≤3级/南风≤3级,ZD111
2015年2月28日,雨夹雪/晴,6℃/-3℃,东北风≤3级/北风≤3级,ZD326
2015年2月28日,雨夹雪/多云,5℃/-1℃,南风≤3级/南风3-4级,ZD250
2015年2月28日,阴/阴,4℃/0℃,东北风3-4级/北风3-4级,ZD190
2015年3月1日,晴/晴,12℃/7℃,南风≤3级/西南风3-4级,ZD111
2015年3月1日,晴/晴,11℃/2℃,北风≤3级/南风3-4级,ZD326
2015年3月1日,晴/晴,11℃/1℃,北风3-4级/西南风3-4级,ZD250
2015年3月1日,晴/晴,8℃/3℃,北风4-5级/南风3-4级,ZD190
2015年3月2日,晴/多云,16℃/1℃,西南风4-5级/西南风4-5级,ZD111
2015年3月2日,晴/多云,16℃/-3℃,南风3-4级/南风3-4级,ZD326
2015年3月2日,晴/晴,15℃/-1℃,南风3-4级/北风4-5级,ZD250
2015年3月2日,晴/多云,9℃/0℃,南风4-5级/南风4-5级,ZD190
2015年3月3日,多云/晴,6℃/-4℃,北风4-5级/北风3-4级,ZD111
2015年3月3日,多云/晴,4℃/-7℃,北风4-5级/北风3-4级,ZD326
2015年3月3日,多云/多云,4℃/-5℃,北风4-5级/北风4-5级,ZD250
2015年3月3日,多云/晴,5℃/-3℃,北风6-7级/北风4-5级,ZD190
2015年3月4日,晴/多云,6℃/-2℃,北风≤3级/南风≤3级,ZD111
2015年3月4日,晴/晴,6℃/-5℃,北风≤3级/南风≤3级,ZD326
2015年3月4日,晴/晴,6℃/-5℃,北风3-4级/北风3-4级,ZD250
2015年3月4日,晴/多云,5℃/-1℃,北风4-5级/北风3-4级,ZD190
2015年3月5日,多云/多云,8℃/2℃,南风≤3级/南风3-4级,ZD111
2015年3月5日,晴/晴,9℃/-1℃,南风≤3级/南风≤3级,ZD326
2015年3月5日,晴/晴,7℃/-3℃,南风3-4级/南风3-4级,ZD250
2015年3月5日,多云/多云,4℃/0℃,北风3-4级/南风3-4级,ZD190
2015年3月6日,晴/晴,12℃/5℃,南风3-4级/南风3-4级,ZD111
2015年3月6日,晴/晴,12℃/3℃,南风≤3级/南风3-4级,ZD326
2015年3月6日,晴/晴,12℃/0℃,南风3-4级/南风3-4级,ZD250
2015年3月6日,晴/晴,7℃/3℃,南风3-4级/西南风3-4级,ZD190
2015年3月7日,晴/晴,15℃/7℃,南风3-4级/南风3-4级,ZD111
2015年3月7日,晴/晴,16℃/5℃,南风3-4级/南风3-4级,ZD326
2015年3月7日,晴/晴,15℃/3℃,南风3-4级/南风3-4级,ZD250
2015年3月7日,晴/晴,8℃/4℃,南风3-4级/南风3-4级,ZD190
2015年3月8日,多云/多云,13℃/0℃,南风3-4级/北风3-4级,ZD111
2015年3月8日,多云/多云,13℃/-2℃,南风3-4级/北风4-5级,ZD326
2015年3月8日,多云/多云,13℃/-3℃,南风3-4级/北风3-4级,ZD250
2015年3月8日,多云/阴,8℃/0℃,南风3-4级/北风5-6级,ZD190
2015年3月9日,多云/晴,6℃/-4℃,北风3-4级/南风≤3级,ZD111
2015年3月9日,晴/晴,6℃/-7℃,北风3-4级/北风3-4级,ZD326
2015年3月9日,晴/晴,8℃/-5℃,北风4-5级/北风3-4级,ZD250
2015年3月9日,晴/晴,4℃/-3℃,北风5-6级/北风5-6级,ZD190
2015年3月10日,晴/晴,9℃/-1℃,南风≤3级/南风3-4级,ZD111
2015年3月10日,晴/晴,8℃/-3℃,南风3-4级/南风3-4级,ZD326
2015年3月10日,晴/晴,8℃/-3℃,北风3-4级/南风3-4级,ZD250
2015年3月10日,晴/晴,5℃/-3℃,西北风3-4级/西北风3-4级,ZD190
2015年3月11日,晴/晴,12℃/3℃,南风≤3级/南风≤3级,ZD111
2015年3月11日,晴/晴,12℃/-1℃,北风≤3级/南风≤3级,ZD326
2015年3月11日,晴/晴,11℃/-2℃,北风3-4级/南风3-4级,ZD250
2015年3月11日,晴/晴,10℃/1℃,北风3-4级/南风3-4级,ZD190
2015年3月12日,晴/晴,17℃/5℃,西南风3-4级/北风≤3级,ZD111
2015年3月12日,晴/晴,16℃/0℃,南风≤3级/北风≤3级,ZD326
2015年3月12日,晴/晴,16℃/1℃,南风3-4级/北风3-4级,ZD250
2015年3月12日,晴/多云,9℃/3℃,南风3-4级/南风3-4级,ZD190
2015年3月13日,晴/霾,15℃/4℃,北风≤3级/东风≤3级,ZD111
2015年3月13日,晴/晴,15℃/0℃,北风≤3级/南风3-4级,ZD326
2015年3月13日,晴/晴,14℃/1℃,北风3-4级/北风3-4级,ZD250
2015年3月13日,晴/晴,10℃/3℃,北风3-4级/北风3-4级,ZD190
2015年3月14日,多云/晴,17℃/8℃,南风3-4级/南风3-4级,ZD111
2015年3月14日,晴/多云,17℃/4℃,南风3-4级/南风3-4级,ZD326
2015年3月14日,晴/多云,14℃/4℃,南风3-4级/南风3-4级,ZD250
2015年3月14日,多云/多云,9℃/4℃,南风3-4级/南风4-5级,ZD190
2015年3月15日,晴/晴,19℃/12℃,南风≤3级/南风3-4级,ZD111
2015年3月15日,多云/晴,19℃/8℃,南风3-4级/南风3-4级,ZD326
2015年3月15日,晴/晴,18℃/7℃,北风3-4级/南风3-4级,ZD250
2015年3月15日,晴/多云,13℃/6℃,南风3-4级/南风3-4级,ZD190
2015年3月16日,晴/多云,22℃/9℃,南风3-4级/南风3-4级,ZD111
2015年3月16日,晴/多云,23℃/7℃,南风3-4级/南风3-4级,ZD326
2015年3月16日,晴/多云,23℃/10℃,南风3-4级/南风3-4级,ZD250
2015年3月16日,雾/雾,9℃/7℃,南风3-4级/南风3-4级,ZD190
2015年3月17日,阵雨/阴,15℃/6℃,北风3-4级/东北风3-4级,ZD111
2015年3月17日,小雨/阴,14℃/5℃,北风3-4级/北风3-4级,ZD326
2015年3月17日,小雨/小雨,14℃/5℃,北风3-4级/北风3-4级,ZD250
2015年3月17日,阴/小雨,11℃/7℃,东南风3-4级/北风3-4级,ZD190
2015年3月18日,阴/多云,13℃/5℃,北风≤3级/南风≤3级,ZD111
2015年3月18日,多云/多云,13℃/3℃,北风≤3级/北风≤3级,ZD326
2015年3月18日,阴/多云,12℃/2℃,北风3-4级/北风≤3级,ZD250
2015年3月18日,阵雨/多云,11℃/5℃,北风3-4级/北风3-4级,ZD190
2015年3月19日,多云/多云,18℃/8℃,南风≤3级/南风≤3级,ZD111
2015年3月19日,多云/多云,18℃/6℃,南风≤3级/南风≤3级,ZD326
2015年3月19日,多云/多云,18℃/6℃,南风≤3级/南风≤3级,ZD250
2015年3月19日,晴/多云,16℃/8℃,北风3-4级/南风3-4级,ZD190
2015年3月20日,晴/多云,21℃/9℃,南风≤3级/南风≤3级,ZD111
2015年3月20日,多云/多云,22℃/8℃,南风≤3级/南风≤3级,ZD326
2015年3月20日,多云/多云,22℃/7℃,南风3-4级/南风3-4级,ZD250
2015年3月20日,晴/多云,19℃/9℃,北风3-4级/南风3-4级,ZD190
2015年3月21日,晴/晴,20℃/7℃,北风≤3级/北风≤3级,ZD111
2015年3月21日,多云/晴,19℃/3℃,北风≤3级/南风3-4级,ZD326
2015年3月21日,晴/晴,17℃/4℃,北风3-4级/北风≤3级,ZD250
2015年3月21日,晴/晴,17℃/6℃,北风4-5级/北风4-5级,ZD190
2015年3月22日,多云/多云,14℃/4℃,东北风3-4级/东北风≤3级,ZD111
2015年3月22日,多云/晴,10℃/0℃,北风3-4级/北风3-4级,ZD326
2015年3月22日,晴/晴,11℃/1℃,北风3-4级/北风3-4级,ZD250
2015年3月22日,晴/霾,13℃/5℃,东北风4-5级/北风3-4级,ZD190
2015年3月23日,多云/晴,16℃/6℃,北风≤3级/南风≤3级,ZD111
2015年3月23日,晴/晴,16℃/3℃,北风≤3级/南风≤3级,ZD326
2015年3月23日,多云/晴,17℃/3℃,北风3-4级/南风3-4级,ZD250
2015年3月23日,多云/晴,13℃/5℃,南风3-4级/南风3-4级,ZD190
2015年3月24日,晴/晴,19℃/9℃,南风≤3级/南风≤3级,ZD111
2015年3月24日,晴/晴,19℃/6℃,南风≤3级/南风3-4级,ZD326
2015年3月24日,晴/晴,19℃/5℃,南风3-4级/南风3-4级,ZD250
2015年3月24日,晴/晴,11℃/4℃,南风3-4级/南风3-4级,ZD190
2015年3月25日,晴/晴,20℃/9℃,南风≤3级/南风≤3级,ZD111
2015年3月25日,多云/多云,21℃/7℃,南风3-4级/南风3-4级,ZD326
2015年3月25日,晴/晴,20℃/6℃,南风3-4级/南风3-4级,ZD250
2015年3月25日,晴/晴,11℃/5℃,南风3-4级/南风3-4级,ZD190
2015年3月26日,多云/晴,20℃/9℃,南风≤3级/南风≤3级,ZD111
2015年3月26日,晴/晴,21℃/6℃,南风3-4级/南风3-4级,ZD326
2015年3月26日,晴/晴,20℃/4℃,西南风3-4级/南风3-4级,ZD250
2015年3月26日,多云/晴,11℃/6℃,南风3-4级/南风3-4级,ZD190
2015年3月27日,晴/晴,21℃/15℃,南风≤3级/南风4-5级,ZD111
2015年3月27日,晴/晴,21℃/10℃,南风3-4级/南风3-4级,ZD326
2015年3月27日,晴/晴,20℃/9℃,南风3-4级/南风3-4级,ZD250
2015年3月27日,雾/雾,11℃/6℃,南风3-4级/南风4-5级,ZD190
2015年3月28日,晴/晴,25℃/12℃,南风3-4级/北风≤3级,ZD111
2015年3月28日,多云/多云,24℃/8℃,南风≤3级/北风3-4级,ZD326
2015年3月28日,多云/晴,23℃/7℃,南风3-4级/北风≤3级,ZD250
2015年3月28日,多云/多云,17℃/7℃,南风4-5级/北风3-4级,ZD190
2015年3月29日,晴/晴,25℃/16℃,南风≤3级/南风3-4级,ZD111
2015年3月29日,晴/晴,24℃/13℃,南风3-4级/南风3-4级,ZD326
2015年3月29日,晴/晴,22℃/10℃,北风3-4级/南风3-4级,ZD250
2015年3月29日,多云/多云,15℃/7℃,北风3-4级/南风3-4级,ZD190
2015年3月30日,多云/多云,27℃/13℃,南风3-4级/南风3-4级,ZD111
2015年3月30日,多云/多云,27℃/7℃,南风3-4级/南风3-4级,ZD326
2015年3月30日,晴/晴,26℃/11℃,南风3-4级/南风3-4级,ZD250
2015年3月30日,多云/多云,12℃/8℃,南风4-5级/东南风4-5级,ZD190
2015年3月31日,小雨/小雨,20℃/7℃,东北风4-5级/东北风4-5级,ZD111
2015年3月31日,小雨/小雨,21℃/6℃,北风3-4级/东风3-4级,ZD326
2015年3月31日,多云/小雨,21℃/8℃,南风3-4级/东北风3-4级,ZD250
2015年3月31日,阵雨/阵雨,12℃/8℃,东南风3-4级/东北风4-5级,ZD190
2015年4月1日,阴/中雨,12℃/5℃,东北风4-5级/东北风3-4级,ZD111
2015年4月1日,小雨/中雨,12℃/5℃,北风≤3级/北风3-4级,ZD326
2015年4月1日,阴/中雨,15℃/8℃,北风3-4级/北风3-4级,ZD250
2015年4月1日,多云/小雨,12℃/9℃,东南风3-4级/东南风5-6级,ZD190
2015年4月2日,小雨/阴,10℃/6℃,东北风3-4级/北风≤3级,ZD111
2015年4月2日,中雨/阴,9℃/4℃,北风3-4级/北风≤3级,ZD326
2015年4月2日,中雨/阴,10℃/5℃,北风3-4级/北风3-4级,ZD250
2015年4月2日,中雨/阴,12℃/7℃,北风5-6级/北风4-5级,ZD190
2015年4月3日,晴/多云,16℃/6℃,北风≤3级/北风≤3级,ZD111
2015年4月3日,晴/多云,15℃/3℃,南风≤3级/南风≤3级,ZD326
2015年4月3日,多云/多云,14℃/5℃,北风3-4级/北风3-4级,ZD250
2015年4月3日,多云/多云,15℃/7℃,北风4-5级/南风3-4级,ZD190
2015年4月4日,多云/多云,17℃/7℃,北风≤3级/北风≤3级,ZD111
2015年4月4日,阴/多云,16℃/4℃,南风≤3级/南风≤3级,ZD326
2015年4月4日,多云/阴,14℃/4℃,北风3-4级/北风3-4级,ZD250
2015年4月4日,阴/多云,11℃/7℃,南风3-4级/北风3-4级,ZD190
2015年4月5日,多云/多云,16℃/6℃,北风≤3级/北风3-4级,ZD111
2015年4月5日,晴/多云,17℃/4℃,北风≤3级/北风3-4级,ZD326
2015年4月5日,多云/多云,16℃/4℃,北风3-4级/北风3-4级,ZD250
2015年4月5日,多云/多云,16℃/5℃,北风3-4级/北风4-5级,ZD190
2015年4月6日,多云/多云,13℃/3℃,北风3-4级/北风≤3级,ZD111
2015年4月6日,晴/晴,11℃/-1℃,北风3-4级/北风≤3级,ZD326
2015年4月6日,阴/多云,10℃/1℃,北风3-4级/北风3-4级,ZD250
2015年4月6日,多云/多云,10℃/4℃,北风5-6级/东北风4-5级,ZD190
2015年4月7日,晴/晴,13℃/3℃,北风≤3级/南风≤3级,ZD111
2015年4月7日,晴/晴,12℃/1℃,北风3-4级/南风3-4级,ZD326
2015年4月7日,晴/晴,11℃/1℃,北风≤3级/南风≤3级,ZD250
2015年4月7日,晴/晴,10℃/3℃,北风4-5级/北风3-4级,ZD190
2015年4月8日,晴/多云,16℃/7℃,南风3-4级/南风3-4级,ZD111
2015年4月8日,晴/晴,17℃/5℃,南风3-4级/南风≤3级,ZD326
2015年4月8日,晴/晴,16℃/4℃,南风3-4级/南风3-4级,ZD250
2015年4月8日,晴/晴,10℃/5℃,北风3-4级/南风3-4级,ZD190
2015年4月9日,阴/多云,17℃/9℃,南风3-4级/南风3-4级,ZD111
2015年4月9日,多云/多云,17℃/6℃,南风3-4级/南风3-4级,ZD326
2015年4月9日,晴/晴,17℃/6℃,南风3-4级/南风3-4级,ZD250
2015年4月9日,多云/晴,11℃/6℃,南风3-4级/南风3-4级,ZD190
2015年4月10日,晴/晴,21℃/13℃,南风≤3级/南风≤3级,ZD111
2015年4月10日,晴/晴,21℃/9℃,南风≤3级/南风≤3级,ZD326
2015年4月10日,晴/多云,20℃/8℃,南风3-4级/南风3-4级,ZD250
2015年4月10日,晴/多云,13℃/7℃,南风3-4级/南风3-4级,ZD190
2015年4月11日,多云/雷阵雨,23℃/2℃,南风4-5级/南风4-5级,ZD111
2015年4月11日,晴/雷阵雨,23℃/2℃,南风3-4级/南风4-5级,ZD326
2015年4月11日,多云/小雨,20℃/8℃,南风4-5级/南风4-5级,ZD250
2015年4月11日,多云/多云,11℃/9℃,南风3-4级/南风3-4级,ZD190
2015年4月12日,雨夹雪/雨夹雪,9℃/1℃,北风4-5级/北风4-5级,ZD111
2015年4月12日,雷阵雨/阵雨,15℃/2℃,北风4-5级/北风3-4级,ZD326
2015年4月12日,小到中雨/阵雨,15℃/6℃,北风4-5级/北风4-5级,ZD250
2015年4月12日,雷阵雨/中雨,11℃/7℃,北风4-5级/东北风5-6级,ZD190
2015年4月13日,小雨/晴,12℃/4℃,北风4-5级/北风≤3级,ZD111
2015年4月13日,阵雨/晴,12℃/2℃,北风3-4级/北风3-4级,ZD326
2015年4月13日,小雨/多云,11℃/4℃,北风3-4级/北风3-4级,ZD250
2015年4月13日,阵雨/多云,9℃/5℃,东北风5-6级/东北风4-5级,ZD190
2015年4月14日,晴/晴,21℃/14℃,南风3-4级/南风3-4级,ZD111
2015年4月14日,晴/晴,21℃/9℃,南风3-4级/南风3-4级,ZD326
2015年4月14日,晴/晴,20℃/9℃,南风3-4级/南风3-4级,ZD250
2015年4月14日,多云/晴,17℃/7℃,南风4-5级/西南风4-5级,ZD190
2015年4月15日,多云/晴,27℃/13℃,南风4-5级/南风3-4级,ZD111
2015年4月15日,多云/多云,27℃/11℃,南风4-5级/西南风4-5级,ZD326
2015年4月15日,晴/晴,25℃/11℃,南风3-4级/南风4-5级,ZD250
2015年4月15日,晴/多云,15℃/11℃,西南风4-5级/南风5-6级,ZD190
2015年4月16日,晴/晴,23℃/11℃,北风3-4级/南风≤3级,ZD111
2015年4月16日,晴/晴,22℃/8℃,北风3-4级/南风3-4级,ZD326
2015年4月16日,多云/晴,21℃/8℃,北风4-5级/北风3-4级,ZD250
2015年4月16日,晴/晴,17℃/7℃,北风5-6级/北风3-4级,ZD190
2015年4月17日,晴/多云,24℃/13℃,南风≤3级/南风≤3级,ZD111
2015年4月17日,多云/多云,25℃/12℃,南风3-4级/南风3-4级,ZD326
2015年4月17日,多云/多云,24℃/10℃,南风3-4级/南风3-4级,ZD250
2015年4月17日,晴/多云,14℃/11℃,南风3-4级/南风4-5级,ZD190
2015年4月18日,小雨/中雨,21℃/10℃,东北风3-4级/东北风3-4级,ZD111
2015年4月18日,小雨/小雨,23℃/10℃,北风3-4级/北风3-4级,ZD326
2015年4月18日,阵雨/小雨,20℃/7℃,北风3-4级/北风4-5级,ZD250
2015年4月18日,雾/小雨,14℃/11℃,东南风4-5级/东南风4-5级,ZD190
2015年4月19日,小雨/多云,13℃/6℃,北风3-4级/北风≤3级,ZD111
2015年4月19日,小雨/多云,11℃/5℃,东北风3-4级/东北风≤3级,ZD326
2015年4月19日,小雨/小雨,13℃/7℃,北风4-5级/北风3-4级,ZD250
2015年4月19日,小雨/阵雨,13℃/9℃,北风4-5级/北风5-6级,ZD190
2015年4月20日,晴/晴,20℃/10℃,北风≤3级/南风≤3级,ZD111
2015年4月20日,晴/晴,20℃/6℃,南风≤3级/南风3-4级,ZD326
2015年4月20日,多云/晴,19℃/7℃,北风3-4级/北风3-4级,ZD250
2015年4月20日,晴/晴,18℃/9℃,北风5-6级/西南风3-4级,ZD190
2015年4月21日,晴/晴,23℃/12℃,南风3-4级/北风3-4级,ZD111
2015年4月21日,晴/多云,23℃/9℃,南风3-4级/南风3-4级,ZD326
2015年4月21日,晴/多云,22℃/8℃,南风3-4级/南风3-4级,ZD250
2015年4月21日,多云/多云,17℃/12℃,西南风3-4级/北风4-5级,ZD190
2015年4月22日,晴/晴,26℃/16℃,北风≤3级/南风3-4级,ZD111
2015年4月22日,晴/晴,24℃/13℃,南风3-4级/南风3-4级,ZD326
2015年4月22日,晴/晴,24℃/13℃,北风≤3级/南风3-4级,ZD250
2015年4月22日,晴/晴,20℃/12℃,北风3-4级/西南风3-4级,ZD190
2015年4月23日,晴/晴,30℃/15℃,南风4-5级/东北风≤3级,ZD111
2015年4月23日,晴/晴,30℃/12℃,南风3-4级/南风3-4级,ZD326
2015年4月23日,晴/晴,29℃/12℃,南风3-4级/南风3-4级,ZD250
2015年4月23日,晴/多云,20℃/12℃,南风3-4级/东北风3-4级,ZD190
2015年4月24日,晴/晴,27℃/17℃,东北风≤3级/南风≤3级,ZD111
2015年4月24日,晴/晴,27℃/14℃,南风3-4级/南风3-4级,ZD326
2015年4月24日,晴/晴,27℃/13℃,南风3-4级/南风3-4级,ZD250
2015年4月24日,晴/晴,18℃/11℃,北风3-4级/南风3-4级,ZD190
2015年4月25日,晴/晴,30℃/21℃,南风3-4级/南风3-4级,ZD111
2015年4月25日,晴/晴,31℃/17℃,南风3-4级/南风3-4级,ZD326
2015年4月25日,晴/晴,31℃/17℃,南风3-4级/南风3-4级,ZD250
2015年4月25日,晴/晴,20℃/15℃,南风3-4级/南风4-5级,ZD190
2015年4月26日,晴/多云,31℃/22℃,南风3-4级/南风3-4级,ZD111
2015年4月26日,晴/晴,30℃/18℃,南风3-4级/南风3-4级,ZD326
2015年4月26日,晴/晴,32℃/16℃,南风3-4级/南风3-4级,ZD250
2015年4月26日,晴/雾,21℃/13℃,南风4-5级/南风4-5级,ZD190
2015年4月27日,多云/雷阵雨,30℃/15℃,南风3-4级/南风3-4级,ZD111
2015年4月27日,多云/雷阵雨,30℃/15℃,南风3-4级/南风3-4级,ZD326
2015年4月27日,晴/多云,29℃/14℃,南风3-4级/南风3-4级,ZD250
2015年4月27日,多云/雷阵雨,18℃/14℃,南风4-5级/南风4-5级,ZD190
2015年4月28日,雷阵雨/多云,25℃/13℃,东北风3-4级/东北风≤3级,ZD111
2015年4月28日,雷阵雨/阴,25℃/11℃,北风3-4级/东北风≤3级,ZD326
2015年4月28日,雷阵雨/阴,25℃/14℃,南风3-4级/南风3-4级,ZD250
2015年4月28日,多云/多云,17℃/13℃,南风3-4级/南风3-4级,ZD190
2015年4月29日,晴/晴,25℃/15℃,东北风≤3级/南风≤3级,ZD111
2015年4月29日,晴/晴,25℃/13℃,南风≤3级/南风3-4级,ZD326
2015年4月29日,多云/多云,24℃/13℃,北风3-4级/北风3-4级,ZD250
2015年4月29日,晴/晴,20℃/13℃,南风3-4级/南风3-4级,ZD190
2015年4月30日,晴/晴,28℃/19℃,南风≤3级/南风≤3级,ZD111
2015年4月30日,晴/晴,29℃/16℃,南风3-4级/南风3-4级,ZD326
2015年4月30日,晴/晴,26℃/15℃,南风3-4级/南风3-4级,ZD250
2015年4月30日,多云/雾,19℃/13℃,南风3-4级/南风3-4级,ZD190
2015年5月1日,多云/小雨,29℃/16℃,南风3-4级/南风≤3级,ZD111
2015年5月1日,多云/小雨,30℃/16℃,南风3-4级/南风3-4级,ZD326
2015年5月1日,晴/多云,30℃/16℃,南风3-4级/南风3-4级,ZD250
2015年5月1日,晴/多云,18℃/13℃,南风3-4级/南风3-4级,ZD190
2015年5月2日,多云/晴,24℃/15℃,北风≤3级/南风≤3级,ZD111
2015年5月2日,多云/多云,24℃/13℃,北风3-4级/北风3-4级,ZD326
2015年5月2日,多云/多云,24℃/13℃,北风3-4级/北风3-4级,ZD250
2015年5月2日,多云/多云,18℃/13℃,南风3-4级/南风3-4级,ZD190
2015年5月3日,晴/多云,24℃/13℃,北风≤3级/北风3-4级,ZD111
2015年5月3日,多云/多云,24℃/12℃,北风≤3级/北风≤3级,ZD326
2015年5月3日,晴/多云,26℃/12℃,北风3-4级/北风3-4级,ZD250
2015年5月3日,晴/多云,23℃/13℃,北风3-4级/北风4-5级,ZD190
2015年5月4日,晴/晴,24℃/16℃,北风3-4级/南风3-4级,ZD111
2015年5月4日,晴/晴,23℃/12℃,北风≤3级/南风3-4级,ZD326
2015年5月4日,晴/晴,24℃/12℃,北风3-4级/北风3-4级,ZD250
2015年5月4日,晴/晴,21℃/13℃,北风4-5级/南风4-5级,ZD190
2015年5月5日,多云/雷阵雨,29℃/15℃,南风4-5级/东北风3-4级,ZD111
2015年5月5日,多云/雷阵雨,29℃/15℃,南风3-4级/南风3-4级,ZD326
2015年5月5日,多云/阴,30℃/14℃,南风4-5级/南风3-4级,ZD250
2015年5月5日,晴/晴,20℃/15℃,南风3-4级/南风3-4级,ZD190
2015年5月6日,雷阵雨/雷阵雨,25℃/15℃,东北风3-4级/东北风≤3级,ZD111
2015年5月6日,雷阵雨/雷阵雨,24℃/13℃,南风3-4级/南风≤3级,ZD326
2015年5月6日,雷阵雨/雷阵雨,25℃/15℃,北风3-4级/北风3-4级,ZD250
2015年5月6日,多云/多云,19℃/14℃,南风3-4级/南风3-4级,ZD190
2015年5月7日,阴/多云,24℃/16℃,北风≤3级/南风≤3级,ZD111
2015年5月7日,阴/多云,24℃/13℃,北风3-4级/南风3-4级,ZD326
2015年5月7日,阵雨/多云,24℃/14℃,北风3-4级/南风3-4级,ZD250
2015年5月7日,雷阵雨/多云,21℃/14℃,南风3-4级/北风3-4级,ZD190
2015年5月8日,多云/多云,26℃/14℃,南风≤3级/南风≤3级,ZD111
2015年5月8日,多云/多云,26℃/14℃,南风3-4级/南风3-4级,ZD326
2015年5月8日,阵雨/阴,23℃/11℃,南风3-4级/南风3-4级,ZD250
2015年5月8日,阴/雾,18℃/12℃,东南风3-4级/南风3-4级,ZD190
2015年5月9日,雷阵雨/多云,20℃/14℃,东北风≤3级/北风≤3级,ZD111
2015年5月9日,阴/多云,23℃/11℃,南风3-4级/南风3-4级,ZD326
2015年5月9日,阴/雷阵雨,24℃/12℃,北风3-4级/南风3-4级,ZD250
2015年5月9日,晴/多云,18℃/12℃,南风3-4级/南风3-4级,ZD190
2015年5月10日,雷阵雨/小到中雨,25℃/11℃,南风3-4级/北风3-4级,ZD111
2015年5月10日,多云/中雨,24℃/11℃,南风3-4级/南风3-4级,ZD326
2015年5月10日,多云/小到中雨,24℃/13℃,南风4-5级/东南风3-4级,ZD250
2015年5月10日,阴/多云,17℃/12℃,南风3-4级/南风3-4级,ZD190
2015年5月11日,小雨/晴,19℃/11℃,北风≤3级/西南风3-4级,ZD111
2015年5月11日,雷阵雨/多云,18℃/10℃,北风3-4级/西南风3-4级,ZD326
2015年5月11日,小到中雨/多云,16℃/10℃,北风3-4级/北风4-5级,ZD250
2015年5月11日,雷阵雨/多云,15℃/10℃,南风4-5级/西北风4-5级,ZD190
2015年5月12日,晴/晴,26℃/17℃,西南风4-5级/西南风4-5级,ZD111
2015年5月12日,晴/晴,26℃/16℃,西南风3-4级/西南风3-4级,ZD326
2015年5月12日,晴/晴,26℃/17℃,南风3-4级/南风3-4级,ZD250
2015年5月12日,晴/晴,23℃/15℃,西风4-5级/西南风4-5级,ZD190
2015年5月13日,晴/晴,31℃/21℃,西南风4-5级/西南风3-4级,ZD111
2015年5月13日,晴/多云,32℃/19℃,南风3-4级/南风3-4级,ZD326
2015年5月13日,晴/多云,32℃/19℃,南风4-5级/南风3-4级,ZD250
2015年5月13日,晴/晴,25℃/17℃,南风4-5级/北风4-5级,ZD190
2015年5月14日,多云/多云,26℃/16℃,北风3-4级/东北风≤3级,ZD111
2015年5月14日,多云/多云,25℃/15℃,北风3-4级/北风3-4级,ZD326
2015年5月14日,多云/多云,26℃/15℃,北风3-4级/北风3-4级,ZD250
2015年5月14日,晴/多云,26℃/17℃,南风3-4级/北风3-4级,ZD190
2015年5月15日,多云/晴,25℃/14℃,东北风3-4级/南风≤3级,ZD111
2015年5月15日,多云/晴,24℃/10℃,北风3-4级/北风3-4级,ZD326
2015年5月15日,多云/晴,25℃/12℃,北风4-5级/北风3-4级,ZD250
2015年5月15日,晴/晴,24℃/14℃,北风4-5级/北风3-4级,ZD190
2015年5月16日,晴/晴,27℃/20℃,南风≤3级/南风3-4级,ZD111
2015年5月16日,晴/晴,27℃/18℃,南风3-4级/南风3-4级,ZD326
2015年5月16日,多云/晴,27℃/16℃,南风3-4级/南风3-4级,ZD250
2015年5月16日,晴/晴,24℃/15℃,南风3-4级/南风3-4级,ZD190
2015年5月17日,多云/多云,30℃/23℃,西南风4-5级/南风4-5级,ZD111
2015年5月17日,多云/多云,31℃/20℃,南风4-5级/南风3-4级,ZD326
2015年5月17日,多云/多云,30℃/19℃,南风4-5级/南风4-5级,ZD250
2015年5月17日,多云/多云,20℃/16℃,南风3-4级/南风4-5级,ZD190
2015年5月18日,晴/晴,30℃/19℃,北风≤3级/北风≤3级,ZD111
2015年5月18日,阴/晴,30℃/14℃,北风≤3级/北风≤3级,ZD326
2015年5月18日,多云/晴,31℃/15℃,北风3-4级/北风3-4级,ZD250
2015年5月18日,多云/晴,26℃/16℃,南风4-5级/北风3-4级,ZD190
2015年5月19日,晴/晴,27℃/15℃,北风3-4级/北风≤3级,ZD111
2015年5月19日,多云/多云,27℃/13℃,北风≤3级/北风3-4级,ZD326
2015年5月19日,多云/多云,27℃/14℃,北风3-4级/北风3-4级,ZD250
2015年5月19日,多云/多云,27℃/15℃,南风3-4级/北风4-5级,ZD190
2015年5月20日,晴/晴,27℃/17℃,北风≤3级/南风≤3级,ZD111
2015年5月20日,晴/晴,27℃/14℃,北风3-4级/南风≤3级,ZD326
2015年5月20日,晴/晴,26℃/16℃,北风3-4级/北风3-4级,ZD250
2015年5月20日,晴/晴,24℃/15℃,北风4-5级/西风3-4级,ZD190
2015年5月21日,多云/多云,26℃/18℃,南风3-4级/南风≤3级,ZD111
2015年5月21日,多云/多云,26℃/17℃,南风≤3级/南风3-4级,ZD326
2015年5月21日,多云/多云,28℃/18℃,南风3-4级/南风3-4级,ZD250
2015年5月21日,晴/多云,24℃/16℃,西风3-4级/西南风3-4级,ZD190
2015年5月22日,多云/多云,28℃/18℃,南风3-4级/南风≤3级,ZD111
2015年5月22日,多云/多云,29℃/15℃,南风3-4级/南风3-4级,ZD326
2015年5月22日,多云/多云,28℃/14℃,南风3-4级/南风3-4级,ZD250
2015年5月22日,阴/多云,20℃/14℃,南风3-4级/南风3-4级,ZD190
2015年5月23日,晴/晴,30℃/20℃,南风≤3级/南风≤3级,ZD111
2015年5月23日,晴/晴,31℃/15℃,南风3-4级/南风3-4级,ZD326
2015年5月23日,晴/多云,30℃/15℃,南风3-4级/南风3-4级,ZD250
2015年5月23日,晴/晴,20℃/14℃,南风3-4级/南风3-4级,ZD190
2015年5月24日,晴/晴,32℃/20℃,南风≤3级/南风≤3级,ZD111
2015年5月24日,晴/晴,31℃/18℃,南风3-4级/南风3-4级,ZD326
2015年5月24日,晴/晴,31℃/16℃,南风3-4级/南风3-4级,ZD250
2015年5月24日,晴/雾,20℃/14℃,南风3-4级/南风3-4级,ZD190
2015年5月25日,晴/晴,33℃/22℃,南风≤3级/南风≤3级,ZD111
2015年5月25日,晴/晴,33℃/19℃,南风3-4级/南风≤3级,ZD326
2015年5月25日,晴/晴,31℃/17℃,南风3-4级/南风3-4级,ZD250
2015年5月25日,雾/雾,18℃/15℃,南风3-4级/南风3-4级,ZD190
2015年5月26日,晴/多云,32℃/21℃,南风3-4级/南风≤3级,ZD111
2015年5月26日,晴/多云,33℃/19℃,南风≤3级/南风≤3级,ZD326
2015年5月26日,晴/晴,32℃/17℃,南风3-4级/南风3-4级,ZD250
2015年5月26日,多云/多云,20℃/16℃,南风3-4级/南风4-5级,ZD190
2015年5月27日,多云/晴,31℃/19℃,南风≤3级/南风≤3级,ZD111
2015年5月27日,多云/晴,31℃/15℃,南风≤3级/南风3-4级,ZD326
2015年5月27日,晴/晴,29℃/15℃,南风3-4级/南风3-4级,ZD250
2015年5月27日,多云/多云,20℃/16℃,南风4-5级/东南风4-5级,ZD190
2015年5月28日,多云/多云,31℃/19℃,南风≤3级/南风≤3级,ZD111
2015年5月28日,多云/多云,30℃/17℃,南风≤3级/南风≤3级,ZD326
2015年5月28日,晴/多云,27℃/18℃,南风3-4级/南风3-4级,ZD250
2015年5月28日,多云/多云,19℃/17℃,东南风3-4级/东南风4-5级,ZD190
2015年5月29日,雷阵雨/多云,27℃/19℃,南风≤3级/北风≤3级,ZD111
2015年5月29日,雷阵雨/阴,28℃/18℃,北风≤3级/北风≤3级,ZD326
2015年5月29日,雷阵雨/阵雨,26℃/17℃,北风3-4级/北风3-4级,ZD250
2015年5月29日,阵雨/阴,19℃/17℃,东南风3-4级/南风3-4级,ZD190
2015年5月30日,晴/晴,31℃/22℃,南风≤3级/南风3-4级,ZD111
2015年5月30日,多云/晴,30℃/20℃,南风≤3级/南风3-4级,ZD326
2015年5月30日,阴/多云,29℃/17℃,北风3-4级/南风3-4级,ZD250
2015年5月30日,多云/晴,25℃/16℃,北风3-4级/南风3-4级,ZD190
2015年5月31日,晴/多云,33℃/25℃,南风4-5级/南风4-5级,ZD111
2015年5月31日,晴/晴,33℃/20℃,南风3-4级/南风3-4级,ZD326
2015年5月31日,晴/晴,31℃/20℃,南风3-4级/南风4-5级,ZD250
2015年5月31日,多云/多云,24℃/17℃,南风3-4级/南风4-5级,ZD190
2015年6月1日,多云/多云,33℃/25℃,南风3-4级/南风≤3级,ZD111
2015年6月1日,多云/多云,33℃/23℃,南风3-4级/南风3-4级,ZD326
2015年6月1日,晴/多云,33℃/20℃,南风3-4级/南风4-5级,ZD250
2015年6月1日,多云/雾,21℃/17℃,南风4-5级/南风3-4级,ZD190
2015年6月2日,多云/多云,32℃/20℃,北风3-4级/北风3-4级,ZD111
2015年6月2日,多云/晴,32℃/17℃,南风3-4级/北风3-4级,ZD326
2015年6月2日,雷阵雨/多云,32℃/18℃,北风3-4级/北风3-4级,ZD250
2015年6月2日,多云/多云,22℃/18℃,南风3-4级/北风3-4级,ZD190
2015年6月3日,多云/多云,32℃/21℃,北风≤3级/南风3-4级,ZD111
2015年6月3日,晴/多云,31℃/18℃,北风3-4级/南风3-4级,ZD326
2015年6月3日,晴/晴,31℃/19℃,南风3-4级/南风3-4级,ZD250
2015年6月3日,晴/晴,28℃/18℃,北风3-4级/南风3-4级,ZD190
2015年6月4日,多云/多云,28℃/20℃,南风4-5级/南风4-5级,ZD111
2015年6月4日,多云/多云,28℃/16℃,南风3-4级/南风3-4级,ZD326
2015年6月4日,多云/阵雨,30℃/18℃,南风3-4级/南风3-4级,ZD250
2015年6月4日,晴/阴,24℃/18℃,南风3-4级/南风4-5级,ZD190
2015年6月5日,晴/晴,34℃/26℃,南风3-4级/南风4-5级,ZD111
2015年6月5日,晴/晴,34℃/24℃,南风3-4级/南风4-5级,ZD326
2015年6月5日,多云/晴,33℃/24℃,南风3-4级/南风3-4级,ZD250
2015年6月5日,多云/晴,27℃/19℃,南风3-4级/南风4-5级,ZD190
2015年6月6日,晴/多云,36℃/26℃,南风3-4级/南风3-4级,ZD111
2015年6月6日,晴/晴,36℃/23℃,南风4-5级/南风4-5级,ZD326
2015年6月6日,晴/晴,36℃/24℃,西南风4-5级/南风4-5级,ZD250
2015年6月6日,多云/晴,24℃/19℃,南风4-5级/南风4-5级,ZD190
2015年6月7日,晴/雷阵雨,34℃/19℃,南风≤3级/北风≤3级,ZD111
2015年6月7日,多云/雷阵雨,34℃/18℃,南风3-4级/南风3-4级,ZD326
2015年6月7日,多云/多云,34℃/20℃,南风3-4级/南风3-4级,ZD250
2015年6月7日,多云/多云,23℃/18℃,南风3-4级/南风3-4级,ZD190
2015年6月8日,晴/晴,31℃/21℃,北风≤3级/南风≤3级,ZD111
2015年6月8日,多云/晴,31℃/19℃,北风3-4级/北风3-4级,ZD326
2015年6月8日,多云/多云,30℃/20℃,南风3-4级/南风3-4级,ZD250
2015年6月8日,雾/雾,24℃/18℃,北风3-4级/南风3-4级,ZD190
2015年6月9日,晴/晴,36℃/20℃,南风3-4级/南风4-5级,ZD111
2015年6月9日,晴/晴,36℃/23℃,南风3-4级/南风4-5级,ZD326
2015年6月9日,晴/晴,35℃/20℃,南风3-4级/西南风3-4级,ZD250
2015年6月9日,雾/雾,20℃/17℃,南风3-4级/南风4-5级,ZD190
2015年6月10日,雷阵雨/雷阵雨,34℃/19℃,南风4-5级/北风3-4级,ZD111
2015年6月10日,多云/雷阵雨,34℃/20℃,南风3-4级/南风3-4级,ZD326
2015年6月10日,雷阵雨/雷阵雨,35℃/21℃,南风4-5级/南风4-5级,ZD250
2015年6月10日,雾/雷阵雨,20℃/18℃,南风4-5级/南风5-6级,ZD190
2015年6月11日,多云/晴,32℃/22℃,北风3-4级/西风≤3级,ZD111
2015年6月11日,晴/晴,31℃/19℃,南风3-4级/南风3-4级,ZD326
2015年6月11日,阴/晴,32℃/19℃,北风3-4级/西风3-4级,ZD250
2015年6月11日,阴/晴,29℃/20℃,西北风5-6级/西风3-4级,ZD190
2015年6月12日,晴/多云,34℃/20℃,南风≤3级/北风≤3级,ZD111
2015年6月12日,晴/晴,33℃/17℃,南风3-4级/南风≤3级,ZD326
2015年6月12日,多云/多云,33℃/20℃,南风3-4级/北风3-4级,ZD250
2015年6月12日,晴/多云,28℃/20℃,南风3-4级/南风3-4级,ZD190
2015年6月13日,晴/晴,31℃/19℃,北风3-4级/北风3-4级,ZD111
2015年6月13日,多云/晴,31℃/16℃,北风3-4级/北风≤3级,ZD326
2015年6月13日,阴/多云,31℃/19℃,北风3-4级/北风3-4级,ZD250
2015年6月13日,多云/多云,28℃/19℃,南风3-4级/北风4-5级,ZD190
2015年6月14日,晴/多云,31℃/20℃,北风≤3级/南风≤3级,ZD111
2015年6月14日,晴/晴,31℃/17℃,北风≤3级/南风≤3级,ZD326
2015年6月14日,晴/晴,31℃/18℃,北风3-4级/南风3-4级,ZD250
2015年6月14日,晴/多云,26℃/19℃,北风3-4级/南风3-4级,ZD190
2015年6月15日,多云/多云,33℃/22℃,南风≤3级/南风≤3级,ZD111
2015年6月15日,晴/多云,32℃/19℃,南风≤3级/南风≤3级,ZD326
2015年6月15日,晴/多云,32℃/20℃,东风3-4级/南风3-4级,ZD250
2015年6月15日,多云/多云,25℃/19℃,南风3-4级/南风3-4级,ZD190
2015年6月16日,晴/多云,34℃/22℃,南风≤3级/南风≤3级,ZD111
2015年6月16日,晴/晴,34℃/21℃,南风≤3级/南风≤3级,ZD326
2015年6月16日,晴/多云,33℃/20℃,南风3-4级/南风3-4级,ZD250
2015年6月16日,多云/多云,25℃/19℃,南风3-4级/南风3-4级,ZD190
2015年6月17日,多云/多云,35℃/24℃,南风≤3级/北风≤3级,ZD111
2015年6月17日,多云/多云,34℃/21℃,南风≤3级/南风≤3级,ZD326
2015年6月17日,多云/多云,33℃/21℃,南风3-4级/北风3-4级,ZD250
2015年6月17日,多云/多云,24℃/18℃,南风3-4级/南风3-4级,ZD190
2015年6月18日,多云/多云,32℃/19℃,东北风3-4级/北风≤3级,ZD111
2015年6月18日,多云/晴,31℃/18℃,北风≤3级/北风3-4级,ZD326
2015年6月18日,多云/多云,31℃/17℃,北风3-4级/北风3-4级,ZD250
2015年6月18日,多云/多云,25℃/18℃,南风3-4级/南风3-4级,ZD190
2015年6月19日,雷阵雨/阴,29℃/18℃,北风≤3级/北风≤3级,ZD111
2015年6月19日,雷阵雨/阴,30℃/16℃,北风3-4级/北风≤3级,ZD326
2015年6月19日,雷阵雨/阴,29℃/17℃,北风3-4级/北风3-4级,ZD250
2015年6月19日,雷阵雨/雷阵雨,24℃/18℃,南风3-4级/北风3-4级,ZD190
2015年6月20日,多云/多云,30℃/19℃,北风≤3级/南风≤3级,ZD111
2015年6月20日,晴/晴,29℃/16℃,北风≤3级/北风≤3级,ZD326
2015年6月20日,多云/晴,29℃/17℃,北风3-4级/北风3-4级,ZD250
2015年6月20日,多云/晴,26℃/18℃,北风4-5级/南风3-4级,ZD190
2015年6月21日,晴/多云,31℃/21℃,南风≤3级/南风≤3级,ZD111
2015年6月21日,多云/多云,31℃/19℃,南风≤3级/南风3-4级,ZD326
2015年6月21日,晴/晴,31℃/19℃,南风3-4级/南风3-4级,ZD250
2015年6月21日,晴/多云,25℃/19℃,南风3-4级/南风3-4级,ZD190
2015年6月22日,多云/多云,32℃/23℃,南风≤3级/南风≤3级,ZD111
2015年6月22日,多云/多云,32℃/21℃,南风≤3级/南风≤3级,ZD326
2015年6月22日,晴/多云,32℃/20℃,南风3-4级/南风3-4级,ZD250
2015年6月22日,晴/多云,24℃/19℃,南风3-4级/南风3-4级,ZD190
2015年6月23日,多云/阴,32℃/22℃,南风≤3级/南风≤3级,ZD111
2015年6月23日,多云/多云,33℃/21℃,南风≤3级/南风≤3级,ZD326
2015年6月23日,多云/多云,31℃/21℃,南风3-4级/南风3-4级,ZD250
2015年6月23日,晴/多云,24℃/20℃,南风3-4级/南风3-4级,ZD190
2015年6月24日,小雨/小雨,28℃/19℃,南风≤3级/南风≤3级,ZD111
2015年6月24日,小雨/小雨,27℃/19℃,南风≤3级/北风≤3级,ZD326
2015年6月24日,阴/小到中雨,28℃/20℃,南风3-4级/东南风3-4级,ZD250
2015年6月24日,小雨/小雨,22℃/19℃,东南风3-4级/南风3-4级,ZD190
2015年6月25日,小雨/阴,26℃/19℃,南风≤3级/南风≤3级,ZD111
2015年6月25日,小雨/阴,25℃/18℃,北风≤3级/北风≤3级,ZD326
2015年6月25日,小雨/多云,24℃/19℃,东南风3-4级/东北风3-4级,ZD250
2015年6月25日,小到中雨/阴,22℃/19℃,南风4-5级/北风3-4级,ZD190
2015年6月26日,晴/晴,31℃/22℃,南风≤3级/南风≤3级,ZD111
2015年6月26日,晴/晴,30℃/19℃,南风≤3级/南风≤3级,ZD326
2015年6月26日,多云/晴,30℃/19℃,北风3-4级/南风3-4级,ZD250
2015年6月26日,阴/多云,26℃/20℃,北风3-4级/南风3-4级,ZD190
2015年6月27日,多云/多云,32℃/23℃,南风≤3级/南风≤3级,ZD111
2015年6月27日,多云/多云,31℃/22℃,南风≤3级/南风≤3级,ZD326
2015年6月27日,多云/多云,31℃/21℃,南风3-4级/南风3-4级,ZD250
2015年6月27日,多云/多云,24℃/20℃,南风3-4级/南风3-4级,ZD190
2015年6月28日,多云/阴,30℃/22℃,南风≤3级/南风≤3级,ZD111
2015年6月28日,多云/多云,31℃/23℃,南风≤3级/南风≤3级,ZD326
2015年6月28日,多云/多云,28℃/21℃,南风3-4级/南风3-4级,ZD250
2015年6月28日,多云/多云,24℃/20℃,南风3-4级/南风3-4级,ZD190
2015年6月29日,小雨/小雨,25℃/20℃,南风≤3级/东北风≤3级,ZD111
2015年6月29日,雷阵雨/小雨,28℃/20℃,南风≤3级/南风≤3级,ZD326
2015年6月29日,多云/小雨,28℃/19℃,南风3-4级/南风3-4级,ZD250
2015年6月29日,阵雨/小雨,22℃/20℃,南风3-4级/南风3-4级,ZD190
2015年6月30日,阴/多云,27℃/19℃,北风≤3级/东北风≤3级,ZD111
2015年6月30日,多云/多云,27℃/17℃,北风≤3级/北风≤3级,ZD326
2015年6月30日,多云/多云,27℃/17℃,北风3-4级/北风3-4级,ZD250
2015年6月30日,阴/多云,26℃/18℃,北风3-4级/北风3-4级,ZD190
2015年7月1日,晴/晴,34℃/23℃,南风≤3级/南风≤3级,ZD111
2015年7月1日,晴/晴,33℃/19℃,南风≤3级/南风≤3级,ZD326
2015年7月1日,晴/晴,32℃/20℃,北风3-4级/北风3-4级,ZD250
2015年7月1日,晴/晴,29℃/20℃,北风3-4级/南风3-4级,ZD190
2015年7月2日,多云/晴,32℃/21℃,北风≤3级/北风≤3级,ZD111
2015年7月2日,多云/晴,32℃/17℃,北风≤3级/南风≤3级,ZD326
2015年7月2日,晴/晴,32℃/18℃,北风3-4级/北风3-4级,ZD250
2015年7月2日,多云/多云,28℃/20℃,北风3-4级/北风3-4级,ZD190
2015年7月3日,晴/晴,33℃/21℃,北风≤3级/南风≤3级,ZD111
2015年7月3日,晴/晴,32℃/17℃,南风≤3级/东北风≤3级,ZD326
2015年7月3日,晴/晴,32℃/16℃,东北风3-4级/东北风3-4级,ZD250
2015年7月3日,多云/多云,27℃/19℃,南风3-4级/东南风3-4级,ZD190
2015年7月4日,晴/多云,33℃/22℃,南风≤3级/南风≤3级,ZD111
2015年7月4日,晴/晴,32℃/20℃,北风≤3级/南风≤3级,ZD326
2015年7月4日,晴/晴,31℃/19℃,东风3-4级/东南风3-4级,ZD250
2015年7月4日,晴/晴,25℃/20℃,南风3-4级/南风3-4级,ZD190
2015年7月5日,多云/多云,32℃/22℃,南风≤3级/南风≤3级,ZD111
2015年7月5日,多云/阴,33℃/22℃,南风≤3级/南风≤3级,ZD326
2015年7月5日,多云/多云,32℃/20℃,东南风3-4级/南风3-4级,ZD250
2015年7月5日,阴/多云,25℃/20℃,南风3-4级/南风3-4级,ZD190
2015年7月6日,雷阵雨/阴,31℃/22℃,南风≤3级/南风≤3级,ZD111
2015年7月6日,雷阵雨/阴,30℃/20℃,南风≤3级/南风≤3级,ZD326
2015年7月6日,雷阵雨/多云,30℃/20℃,南风3-4级/东南风3-4级,ZD250
2015年7月6日,阴/多云,25℃/20℃,南风3-4级/南风3-4级,ZD190
2015年7月7日,多云/晴,32℃/22℃,南风≤3级/东南风≤3级,ZD111
2015年7月7日,多云/多云,32℃/20℃,南风≤3级/南风≤3级,ZD326
2015年7月7日,多云/多云,31℃/18℃,南风3-4级/东南风3-4级,ZD250
2015年7月7日,多云/多云,25℃/20℃,南风3-4级/东南风3-4级,ZD190
2015年7月8日,晴/晴,33℃/22℃,东南风≤3级/东南风≤3级,ZD111
2015年7月8日,多云/多云,33℃/19℃,南风≤3级/东南风≤3级,ZD326
2015年7月8日,晴/多云,31℃/19℃,东南风3-4级/东南风3-4级,ZD250
2015年7月8日,晴/多云,27℃/21℃,东南风3-4级/东南风3-4级,ZD190
2015年7月9日,晴/多云,33℃/24℃,东风≤3级/东南风≤3级,ZD111
2015年7月9日,多云/多云,33℃/23℃,东南风≤3级/东风≤3级,ZD326
2015年7月9日,多云/小雨,32℃/22℃,东南风3-4级/东风3-4级,ZD250
2015年7月9日,多云/阵雨,27℃/22℃,东南风3-4级/南风3-4级,ZD190
2015年7月10日,多云/阵雨,31℃/24℃,东南风≤3级/南风≤3级,ZD111
2015年7月10日,阴/阵雨,31℃/23℃,东南风≤3级/东风≤3级,ZD326
2015年7月10日,多云/多云,30℃/22℃,东南风3-4级/南风3-4级,ZD250
2015年7月10日,阵雨/多云,26℃/22℃,东南风3-4级/东南风3-4级,ZD190
2015年7月11日,阵雨/阵雨,31℃/24℃,东风≤3级/东北风3-4级,ZD111
2015年7月11日,阵雨/多云,32℃/23℃,东风≤3级/东风≤3级,ZD326
2015年7月11日,多云/小雨,32℃/23℃,南风3-4级/南风3-4级,ZD250
2015年7月11日,多云/小雨,28℃/24℃,东南风3-4级/东风5-6级,ZD190
2015年7月12日,多云/晴,33℃/26℃,东北风3-4级/南风≤3级,ZD111
2015年7月12日,多云/多云,33℃/23℃,东北风3-4级/北风≤3级,ZD326
2015年7月12日,阵雨/晴,29℃/23℃,北风3-4级/北风3-4级,ZD250
2015年7月12日,中雨/阴,26℃/22℃,北风6-7级/北风6-7级,ZD190
2015年7月13日,晴/多云,38℃/29℃,南风3-4级/南风3-4级,ZD111
2015年7月13日,晴/晴,38℃/25℃,北风≤3级/南风≤3级,ZD326
2015年7月13日,晴/晴,36℃/24℃,南风3-4级/南风3-4级,ZD250
2015年7月13日,多云/晴,33℃/24℃,西北风3-4级/南风3-4级,ZD190
2015年7月14日,晴/多云,38℃/25℃,南风≤3级/南风≤3级,ZD111
2015年7月14日,晴/晴,39℃/25℃,南风≤3级/南风≤3级,ZD326
2015年7月14日,晴/晴,37℃/22℃,南风3-4级/南风3-4级,ZD250
2015年7月14日,晴/晴,32℃/22℃,南风3-4级/南风3-4级,ZD190
2015年7月15日,多云/多云,34℃/23℃,南风≤3级/北风≤3级,ZD111
2015年7月15日,晴/多云,36℃/24℃,南风≤3级/东风≤3级,ZD326
2015年7月15日,晴/多云,35℃/23℃,南风3-4级/东南风3-4级,ZD250
2015年7月15日,晴/多云,30℃/23℃,东南风3-4级/东南风3-4级,ZD190
2015年7月16日,阴/阴,30℃/22℃,北风≤3级/南风≤3级,ZD111
2015年7月16日,阴/阴,30℃/22℃,东风≤3级/南风≤3级,ZD326
2015年7月16日,多云/阵雨,28℃/22℃,东南风3-4级/南风3-4级,ZD250
2015年7月16日,阴/多云,26℃/22℃,东南风3-4级/东北风3-4级,ZD190
2015年7月17日,阴/雷阵雨,30℃/22℃,南风≤3级/南风≤3级,ZD111
2015年7月17日,多云/雷阵雨,30℃/22℃,南风≤3级/南风≤3级,ZD326
2015年7月17日,多云/阵雨,31℃/21℃,南风3-4级/东风≤3级,ZD250
2015年7月17日,阴/多云,27℃/22℃,南风3-4级/南风3-4级,ZD190
2015年7月18日,雷阵雨/雷阵雨,30℃/22℃,南风≤3级/南风≤3级,ZD111
2015年7月18日,雷阵雨/雷阵雨,31℃/22℃,南风≤3级/南风≤3级,ZD326
2015年7月18日,阵雨/多云,32℃/21℃,南风3-4级/东南风3-4级,ZD250
2015年7月18日,多云/阵雨,26℃/22℃,南风3-4级/南风3-4级,ZD190
2015年7月19日,阴/多云,30℃/22℃,南风≤3级/南风≤3级,ZD111
2015年7月19日,雷阵雨/雷阵雨,30℃/21℃,南风≤3级/南风≤3级,ZD326
2015年7月19日,多云/阵雨,29℃/22℃,东南风3-4级/东南风3-4级,ZD250
2015年7月19日,多云/阵雨,26℃/22℃,南风3-4级/南风3-4级,ZD190
2015年7月20日,雷阵雨/多云,30℃/23℃,南风≤3级/南风≤3级,ZD111
2015年7月20日,雷阵雨/多云,30℃/22℃,南风≤3级/南风≤3级,ZD326
2015年7月20日,阵雨/多云,28℃/22℃,东风3-4级/南风3-4级,ZD250
2015年7月20日,阵雨/阵雨,25℃/23℃,东南风3-4级/南风3-4级,ZD190
2015年7月21日,多云/多云,32℃/24℃,南风≤3级/南风≤3级,ZD111
2015年7月21日,多云/多云,32℃/23℃,南风≤3级/南风≤3级,ZD326
2015年7月21日,雷阵雨/多云,32℃/22℃,南风3-4级/南风3-4级,ZD250
2015年7月21日,多云/多云,27℃/23℃,东南风3-4级/南风3-4级,ZD190
2015年7月22日,雷阵雨/雷阵雨,32℃/21℃,南风≤3级/南风≤3级,ZD111
2015年7月22日,多云/雷阵雨,33℃/22℃,南风≤3级/南风≤3级,ZD326
2015年7月22日,多云/阵雨,33℃/24℃,南风3-4级/南风3-4级,ZD250
2015年7月22日,多云/多云,27℃/23℃,南风3-4级/南风3-4级,ZD190
2015年7月23日,小到中雨/雷阵雨,30℃/23℃,南风≤3级/南风≤3级,ZD111
2015年7月23日,雷阵雨/雷阵雨,30℃/23℃,南风≤3级/南风≤3级,ZD326
2015年7月23日,阵雨/雷阵雨,31℃/23℃,南风3-4级/南风3-4级,ZD250
2015年7月23日,阴/雷阵雨,26℃/23℃,南风3-4级/南风3-4级,ZD190
2015年7月24日,雷阵雨/多云,32℃/24℃,南风≤3级/南风≤3级,ZD111
2015年7月24日,雷阵雨/雷阵雨,31℃/23℃,南风≤3级/南风≤3级,ZD326
2015年7月24日,阵雨/雷阵雨,31℃/22℃,南风3-4级/南风≤3级,ZD250
2015年7月24日,雷阵雨/多云,27℃/23℃,南风3-4级/南风3-4级,ZD190
2015年7月25日,雷阵雨/晴,33℃/25℃,南风≤3级/南风≤3级,ZD111
2015年7月25日,多云/多云,32℃/24℃,南风≤3级/南风≤3级,ZD326
2015年7月25日,阵雨/阴,33℃/24℃,南风3-4级/南风3-4级,ZD250
2015年7月25日,多云/多云,28℃/23℃,南风3-4级/南风3-4级,ZD190
2015年7月26日,晴/晴,35℃/26℃,南风≤3级/南风≤3级,ZD111
2015年7月26日,多云/多云,35℃/25℃,南风≤3级/南风≤3级,ZD326
2015年7月26日,多云/晴,34℃/24℃,南风3-4级/南风3-4级,ZD250
2015年7月26日,雾/雾,28℃/24℃,东南风3-4级/南风3-4级,ZD190
2015年7月27日,晴/晴,36℃/27℃,南风≤3级/南风3-4级,ZD111
2015年7月27日,多云/多云,36℃/27℃,南风≤3级/南风≤3级,ZD326
2015年7月27日,晴/多云,35℃/26℃,南风3-4级/南风3-4级,ZD250
2015年7月27日,多云/多云,29℃/25℃,南风3-4级/南风3-4级,ZD190
2015年7月28日,雷阵雨/雷阵雨,35℃/26℃,南风3-4级/南风≤3级,ZD111
2015年7月28日,雷阵雨/雷阵雨,35℃/26℃,南风3-4级/南风≤3级,ZD326
2015年7月28日,雷阵雨/阵雨,34℃/26℃,南风3-4级/南风3-4级,ZD250
2015年7月28日,雷阵雨/雷阵雨,29℃/26℃,南风3-4级/南风3-4级,ZD190
2015年7月29日,雷阵雨/中雨,35℃/25℃,南风≤3级/南风≤3级,ZD111
2015年7月29日,雷阵雨/多云,36℃/26℃,南风≤3级/南风≤3级,ZD326
2015年7月29日,阵雨/多云,35℃/27℃,南风3-4级/南风3-4级,ZD250
2015年7月29日,多云/多云,30℃/27℃,南风3-4级/南风3-4级,ZD190
2015年7月30日,中雨/雷阵雨,33℃/24℃,南风≤3级/南风≤3级,ZD111
2015年7月30日,大到暴雨/中雨,34℃/24℃,南风≤3级/南风≤3级,ZD326
2015年7月30日,阵雨/雷阵雨,35℃/25℃,南风3-4级/南风3-4级,ZD250
2015年7月30日,多云/雷阵雨,32℃/26℃,南风3-4级/南风3-4级,ZD190
2015年7月31日,雷阵雨/阴,30℃/24℃,南风≤3级/南风≤3级,ZD111
2015年7月31日,雷阵雨/雷阵雨,31℃/23℃,南风≤3级/南风≤3级,ZD326
2015年7月31日,雷阵雨/阴,32℃/25℃,南风3-4级/南风3-4级,ZD250
2015年7月31日,雷阵雨/雷阵雨,31℃/25℃,南风3-4级/南风3-4级,ZD190
2015年8月1日,雷阵雨/多云,32℃/27℃,南风≤3级/南风3-4级,ZD111
2015年8月1日,多云/多云,32℃/26℃,南风≤3级/南风≤3级,ZD326
2015年8月1日,阵雨/阴,32℃/25℃,南风3-4级/南风3-4级,ZD250
2015年8月1日,多云/多云,30℃/26℃,南风3-4级/南风3-4级,ZD190
2015年8月2日,多云/多云,35℃/25℃,南风3-4级/南风3-4级,ZD111
2015年8月2日,多云/雷阵雨,35℃/25℃,南风≤3级/南风3-4级,ZD326
2015年8月2日,多云/多云,34℃/28℃,南风3-4级/南风3-4级,ZD250
2015年8月2日,阴/多云,30℃/27℃,南风3-4级/南风3-4级,ZD190
2015年8月3日,大雨/暴雨,34℃/23℃,南风3-4级/南风≤3级,ZD111
2015年8月3日,中雨/大到暴雨,32℃/23℃,南风≤3级/南风3-4级,ZD326
2015年8月3日,雷阵雨/中雨,33℃/25℃,南风3-4级/南风3-4级,ZD250
2015年8月3日,多云/多云,31℃/26℃,南风3-4级/南风3-4级,ZD190
2015年8月4日,阵雨/多云,28℃/23℃,南风≤3级/南风≤3级,ZD111
2015年8月4日,雷阵雨/多云,28℃/22℃,南风≤3级/南风≤3级,ZD326
2015年8月4日,小到中雨/雷阵雨,27℃/24℃,南风3-4级/南风3-4级,ZD250
2015年8月4日,雷阵雨/雷阵雨,29℃/25℃,南风3-4级/南风3-4级,ZD190
2015年8月5日,雷阵雨/中到大雨,30℃/22℃,南风≤3级/南风≤3级,ZD111
2015年8月5日,雷阵雨/中雨,31℃/22℃,南风≤3级/南风3-4级,ZD326
2015年8月5日,多云/雷阵雨,32℃/24℃,南风3-4级/南风3-4级,ZD250
2015年8月5日,雷阵雨/雷阵雨,30℃/25℃,南风3-4级/南风3-4级,ZD190
2015年8月6日,小雨/多云,28℃/22℃,南风≤3级/南风≤3级,ZD111
2015年8月6日,阵雨/小雨,28℃/21℃,东南风≤3级/东南风≤3级,ZD326
2015年8月6日,小雨/雷阵雨,30℃/23℃,南风3-4级/南风3-4级,ZD250
2015年8月6日,雷阵雨/雷阵雨,29℃/24℃,南风3-4级/南风3-4级,ZD190
2015年8月7日,多云/多云,31℃/23℃,南风≤3级/东南风≤3级,ZD111
2015年8月7日,多云/雷阵雨,32℃/22℃,东南风≤3级/东南风≤3级,ZD326
2015年8月7日,多云/雷阵雨,30℃/23℃,南风3-4级/南风3-4级,ZD250
2015年8月7日,多云/中雨,29℃/24℃,东南风3-4级/南风3-4级,ZD190
2015年8月8日,雷阵雨/多云,30℃/24℃,南风≤3级/东风≤3级,ZD111
2015年8月8日,多云/多云,31℃/22℃,东风≤3级/东风≤3级,ZD326
2015年8月8日,多云/晴,29℃/24℃,南风3-4级/南风3-4级,ZD250
2015年8月8日,阵雨/多云,29℃/25℃,东南风3-4级/东南风3-4级,ZD190
2015年8月9日,晴/多云,32℃/24℃,东风≤3级/东风≤3级,ZD111
2015年8月9日,多云/多云,32℃/22℃,东风≤3级/东风≤3级,ZD326
2015年8月9日,多云/多云,31℃/23℃,南风3-4级/南风3-4级,ZD250
2015年8月9日,多云/多云,29℃/24℃,东南风3-4级/南风3-4级,ZD190
2015年8月10日,多云/多云,32℃/22℃,东风≤3级/东风≤3级,ZD111
2015年8月10日,多云/多云,32℃/21℃,东北风≤3级/东北风3-4级,ZD326
2015年8月10日,晴/多云,31℃/20℃,东南风3-4级/南风3-4级,ZD250
2015年8月10日,阵雨/阴,28℃/23℃,东南风3-4级/南风3-4级,ZD190
2015年8月11日,多云/多云,32℃/22℃,东北风≤3级/北风≤3级,ZD111
2015年8月11日,多云/晴,32℃/21℃,东北风3-4级/北风≤3级,ZD326
2015年8月11日,多云/多云,30℃/21℃,北风3-4级/北风3-4级,ZD250
2015年8月11日,多云/晴,30℃/23℃,东北风3-4级/北风3-4级,ZD190
2015年8月12日,晴/多云,33℃/23℃,北风≤3级/南风≤3级,ZD111
2015年8月12日,多云/晴,33℃/21℃,南风≤3级/南风≤3级,ZD326
2015年8月12日,晴/晴,32℃/22℃,北风3-4级/南风3-4级,ZD250
2015年8月12日,晴/晴,31℃/24℃,东北风3-4级/北风3-4级,ZD190
2015年8月13日,晴/多云,34℃/24℃,南风≤3级/南风≤3级,ZD111
2015年8月13日,晴/多云,34℃/23℃,南风≤3级/南风≤3级,ZD326
2015年8月13日,晴/多云,33℃/22℃,南风3-4级/南风3-4级,ZD250
2015年8月13日,晴/晴,32℃/25℃,北风3-4级/南风3-4级,ZD190
2015年8月14日,中雨/中雨,32℃/23℃,南风≤3级/南风≤3级,ZD111
2015年8月14日,雷阵雨/中雨,33℃/22℃,南风≤3级/南风3-4级,ZD326
2015年8月14日,多云/阵雨,33℃/22℃,南风3-4级/南风3-4级,ZD250
2015年8月14日,晴/多云,31℃/25℃,西南风3-4级/南风3-4级,ZD190
2015年8月15日,多云/多云,30℃/22℃,南风≤3级/南风≤3级,ZD111
2015年8月15日,多云/多云,30℃/21℃,南风≤3级/南风≤3级,ZD326
2015年8月15日,雷阵雨/晴,30℃/22℃,南风3-4级/南风3-4级,ZD250
2015年8月15日,阴/多云,29℃/24℃,南风3-4级/南风3-4级,ZD190
2015年8月16日,晴/多云,32℃/24℃,南风≤3级/南风≤3级,ZD111
2015年8月16日,晴/晴,32℃/22℃,南风≤3级/南风≤3级,ZD326
2015年8月16日,晴/晴,32℃/22℃,南风3-4级/南风3-4级,ZD250
2015年8月16日,晴/晴,29℃/24℃,南风3-4级/南风3-4级,ZD190
2015年8月17日,多云/多云,32℃/23℃,南风≤3级/南风≤3级,ZD111
2015年8月17日,晴/多云,32℃/22℃,南风≤3级/南风≤3级,ZD326
2015年8月17日,晴/多云,32℃/22℃,南风3-4级/南风3-4级,ZD250
2015年8月17日,晴/多云,29℃/24℃,南风3-4级/南风3-4级,ZD190
2015年8月18日,多云/多云,32℃/23℃,南风≤3级/南风≤3级,ZD111
2015年8月18日,多云/多云,32℃/23℃,南风≤3级/南风≤3级,ZD326
2015年8月18日,多云/多云,32℃/23℃,南风3-4级/南风3-4级,ZD250
2015年8月18日,多云/多云,29℃/24℃,南风3-4级/南风3-4级,ZD190
2015年8月19日,多云/多云,29℃/20℃,南风≤3级/南风≤3级,ZD111
2015年8月19日,阴/多云,30℃/21℃,南风≤3级/南风≤3级,ZD326
2015年8月19日,雷阵雨/多云,30℃/22℃,南风3-4级/南风3-4级,ZD250
2015年8月19日,阴/阵雨,27℃/24℃,南风3-4级/南风3-4级,ZD190
2015年8月20日,多云/多云,30℃/21℃,南风≤3级/南风≤3级,ZD111
2015年8月20日,多云/多云,30℃/21℃,南风≤3级/南风≤3级,ZD326
2015年8月20日,阴/多云,30℃/21℃,南风3-4级/北风3-4级,ZD250
2015年8月20日,阴/多云,27℃/23℃,南风3-4级/北风3-4级,ZD190
2015年8月21日,晴/多云,32℃/22℃,南风≤3级/南风≤3级,ZD111
2015年8月21日,多云/晴,32℃/20℃,北风≤3级/南风≤3级,ZD326
2015年8月21日,多云/晴,31℃/20℃,北风3-4级/北风3-4级,ZD250
2015年8月21日,多云/晴,31℃/23℃,北风3-4级/北风3-4级,ZD190
2015年8月22日,雷阵雨/多云,31℃/21℃,南风≤3级/南风≤3级,ZD111
2015年8月22日,多云/雷阵雨,32℃/20℃,南风3-4级/南风≤3级,ZD326
2015年8月22日,多云/多云,33℃/21℃,南风3-4级/南风3-4级,ZD250
2015年8月22日,晴/多云,31℃/23℃,北风3-4级/东南风3-4级,ZD190
2015年8月23日,雷阵雨/多云,30℃/20℃,东北风≤3级/北风≤3级,ZD111
2015年8月23日,雷阵雨/雷阵雨,29℃/20℃,东北风≤3级/东北风≤3级,ZD326
2015年8月23日,多云/阵雨,31℃/21℃,南风3-4级/东北风3-4级,ZD250
2015年8月23日,多云/多云,29℃/23℃,北风3-4级/东南风3-4级,ZD190
2015年8月24日,雷阵雨/多云,28℃/20℃,北风≤3级/北风≤3级,ZD111
2015年8月24日,雷阵雨/雷阵雨,29℃/20℃,东北风≤3级/东北风3-4级,ZD326
2015年8月24日,雷阵雨/雷阵雨,29℃/21℃,北风3-4级/北风3-4级,ZD250
2015年8月24日,多云/阵雨,30℃/22℃,北风3-4级/北风4-5级,ZD190
2015年8月25日,雷阵雨/多云,28℃/20℃,北风≤3级/北风≤3级,ZD111
2015年8月25日,雷阵雨/雷阵雨,28℃/20℃,东北风3-4级/东北风3-4级,ZD326
2015年8月25日,阵雨/多云,28℃/20℃,北风3-4级/北风3-4级,ZD250
2015年8月25日,阵雨/雷阵雨,27℃/22℃,北风4-5级/北风3-4级,ZD190
2015年8月26日,雷阵雨/雷阵雨,28℃/20℃,北风≤3级/北风≤3级,ZD111
2015年8月26日,雷阵雨/多云,28℃/19℃,东北风3-4级/北风≤3级,ZD326
2015年8月26日,多云/雷阵雨,27℃/20℃,北风3-4级/北风3-4级,ZD250
2015年8月26日,雷阵雨/多云,27℃/22℃,北风3-4级/北风3-4级,ZD190
2015年8月27日,雷阵雨/多云,29℃/19℃,北风≤3级/南风≤3级,ZD111
2015年8月27日,雷阵雨/多云,29℃/18℃,南风≤3级/南风≤3级,ZD326
2015年8月27日,雷阵雨/多云,28℃/20℃,北风3-4级/北风3-4级,ZD250
2015年8月27日,多云/多云,29℃/21℃,北风3-4级/北风3-4级,ZD190
2015年8月28日,多云/多云,30℃/20℃,南风≤3级/南风≤3级,ZD111
2015年8月28日,晴/多云,30℃/19℃,南风≤3级/南风≤3级,ZD326
2015年8月28日,多云/多云,30℃/18℃,北风3-4级/南风3-4级,ZD250
2015年8月28日,多云/多云,28℃/22℃,南风3-4级/南风3-4级,ZD190
2015年8月29日,雷阵雨/多云,30℃/20℃,南风≤3级/南风≤3级,ZD111
2015年8月29日,雷阵雨/雷阵雨,30℃/19℃,南风≤3级/南风≤3级,ZD326
2015年8月29日,多云/雷阵雨,30℃/18℃,东南风3-4级/南风3-4级,ZD250
2015年8月29日,晴/多云,28℃/22℃,南风3-4级/南风3-4级,ZD190
2015年8月30日,晴/阴,30℃/21℃,南风≤3级/南风≤3级,ZD111
2015年8月30日,雷阵雨/雷阵雨,29℃/18℃,南风≤3级/北风≤3级,ZD326
2015年8月30日,雷阵雨/多云,30℃/20℃,南风3-4级/南风3-4级,ZD250
2015年8月30日,晴/晴,28℃/23℃,南风3-4级/南风3-4级,ZD190
2015年8月31日,中雨/中到大雨,25℃/19℃,北风≤3级/东北风≤3级,ZD111
2015年8月31日,雷阵雨/大雨,27℃/19℃,东北风≤3级/北风≤3级,ZD326
2015年8月31日,多云/小到中雨,29℃/19℃,南风3-4级/东北风3-4级,ZD250
2015年8月31日,多云/多云,28℃/22℃,南风3-4级/南风3-4级,ZD190
2015年9月1日,中雨/雷阵雨,24℃/18℃,东北风≤3级/北风≤3级,ZD111
2015年9月1日,中雨/雷阵雨,24℃/19℃,北风≤3级/东北风≤3级,ZD326
2015年9月1日,小到中雨/雷阵雨,25℃/19℃,东风3-4级/北风3-4级,ZD250
2015年9月1日,中雨/雷阵雨,26℃/20℃,南风3-4级/北风3-4级,ZD190
2015年9月2日,多云/多云,27℃/18℃,北风≤3级/北风≤3级,ZD111
2015年9月2日,多云/多云,26℃/18℃,北风≤3级/北风≤3级,ZD326
2015年9月2日,阵雨/多云,25℃/20℃,北风3-4级/北风3-4级,ZD250
2015年9月2日,阵雨/多云,25℃/20℃,北风3-4级/北风3-4级,ZD190
2015年9月3日,晴/多云,29℃/20℃,北风≤3级/南风≤3级,ZD111
2015年9月3日,晴/多云,30℃/19℃,南风≤3级/南风≤3级,ZD326
2015年9月3日,晴/多云,30℃/19℃,北风3-4级/北风3-4级,ZD250
2015年9月3日,晴/晴,29℃/22℃,北风3-4级/北风3-4级,ZD190
2015年9月4日,雷阵雨/雷阵雨,27℃/19℃,南风≤3级/东北风≤3级,ZD111
2015年9月4日,雷阵雨/雷阵雨,27℃/19℃,南风≤3级/东北风≤3级,ZD326
2015年9月4日,多云/阵雨,29℃/19℃,南风3-4级/东北风3-4级,ZD250
2015年9月4日,多云/阵雨,28℃/21℃,北风3-4级/南风3-4级,ZD190
2015年9月5日,小雨/小雨,26℃/19℃,东北风≤3级/东北风≤3级,ZD111
2015年9月5日,小雨/阵雨,25℃/18℃,东北风≤3级/北风≤3级,ZD326
2015年9月5日,阵雨/阴,26℃/18℃,北风3-4级/北风3-4级,ZD250
2015年9月5日,阵雨/阴,27℃/19℃,东北风3-4级/北风3-4级,ZD190
2015年9月6日,多云/多云,26℃/16℃,北风≤3级/东北风≤3级,ZD111
2015年9月6日,多云/晴,25℃/13℃,北风≤3级/北风≤3级,ZD326
2015年9月6日,多云/晴,25℃/16℃,北风3-4级/北风3-4级,ZD250
2015年9月6日,多云/多云,26℃/20℃,北风3-4级/北风3-4级,ZD190
2015年9月7日,晴/晴,28℃/18℃,东北风≤3级/北风≤3级,ZD111
2015年9月7日,晴/晴,27℃/17℃,北风≤3级/南风≤3级,ZD326
2015年9月7日,多云/晴,28℃/17℃,北风3-4级/北风3-4级,ZD250
2015年9月7日,晴/多云,27℃/21℃,北风3-4级/南风3-4级,ZD190
2015年9月8日,多云/多云,28℃/19℃,南风≤3级/南风≤3级,ZD111
2015年9月8日,多云/多云,28℃/19℃,南风≤3级/南风≤3级,ZD326
2015年9月8日,多云/晴,29℃/20℃,南风3-4级/南风3-4级,ZD250
2015年9月8日,多云/晴,28℃/21℃,南风3-4级/东南风3-4级,ZD190
2015年9月9日,多云/小雨,26℃/19℃,北风≤3级/东北风≤3级,ZD111
2015年9月9日,多云/阵雨,27℃/19℃,南风≤3级/北风≤3级,ZD326
2015年9月9日,多云/多云,28℃/20℃,南风3-4级/北风≤3级,ZD250
2015年9月9日,晴/晴,28℃/21℃,北风3-4级/南风3-4级,ZD190
2015年9月10日,多云/小雨,25℃/17℃,东北风≤3级/东北风≤3级,ZD111
2015年9月10日,阵雨/阵雨,26℃/17℃,北风≤3级/北风≤3级,ZD326
2015年9月10日,多云/多云,25℃/18℃,北风3-4级/北风3-4级,ZD250
2015年9月10日,晴/小雨,27℃/19℃,北风3-4级/北风3-4级,ZD190
2015年9月11日,阴/阴,22℃/14℃,北风≤3级/北风3-4级,ZD111
2015年9月11日,阵雨/阵雨,20℃/13℃,北风≤3级/北风≤3级,ZD326
2015年9月11日,阵雨/阵雨,22℃/14℃,北风3-4级/北风3-4级,ZD250
2015年9月11日,小雨/阵雨,21℃/17℃,北风3-4级/北风4-5级,ZD190
2015年9月12日,多云/晴,23℃/13℃,北风3-4级/南风≤3级,ZD111
2015年9月12日,多云/晴,23℃/10℃,北风≤3级/北风≤3级,ZD326
2015年9月12日,多云/晴,23℃/12℃,北风3-4级/北风3-4级,ZD250
2015年9月12日,阵雨/多云,23℃/15℃,北风4-5级/北风5-6级,ZD190
2015年9月13日,晴/多云,26℃/18℃,南风≤3级/南风≤3级,ZD111
2015年9月13日,晴/晴,26℃/15℃,南风≤3级/南风≤3级,ZD326
2015年9月13日,晴/晴,27℃/15℃,南风3-4级/南风3-4级,ZD250
2015年9月13日,晴/晴,25℃/20℃,北风3-4级/南风3-4级,ZD190
2015年9月14日,晴/多云,26℃/17℃,南风≤3级/东南风≤3级,ZD111
2015年9月14日,多云/多云,26℃/15℃,南风≤3级/南风≤3级,ZD326
2015年9月14日,多云/多云,26℃/16℃,南风3-4级/南风3-4级,ZD250
2015年9月14日,多云/阴,25℃/21℃,南风3-4级/南风3-4级,ZD190
2015年9月15日,多云/晴,26℃/17℃,东南风≤3级/南风≤3级,ZD111
2015年9月15日,多云/晴,26℃/16℃,东南风≤3级/南风≤3级,ZD326
2015年9月15日,阴/多云,26℃/15℃,南风3-4级/北风3-4级,ZD250
2015年9月15日,多云/多云,26℃/19℃,东南风3-4级/南风3-4级,ZD190
2015年9月16日,晴/多云,27℃/19℃,北风≤3级/南风≤3级,ZD111
2015年9月16日,晴/晴,27℃/16℃,南风≤3级/南风≤3级,ZD326
2015年9月16日,晴/晴,27℃/16℃,南风3-4级/北风3-4级,ZD250
2015年9月16日,晴/晴,26℃/19℃,北风3-4级/南风3-4级,ZD190
2015年9月17日,多云/多云,27℃/19℃,南风≤3级/南风≤3级,ZD111
2015年9月17日,多云/多云,28℃/18℃,南风≤3级/南风≤3级,ZD326
2015年9月17日,晴/多云,28℃/18℃,南风3-4级/南风≤3级,ZD250
2015年9月17日,多云/晴,26℃/20℃,南风3-4级/南风3-4级,ZD190
2015年9月18日,多云/晴,27℃/18℃,南风≤3级/北风≤3级,ZD111
2015年9月18日,多云/多云,27℃/18℃,南风≤3级/南风≤3级,ZD326
2015年9月18日,多云/阵雨,25℃/17℃,东风3-4级/北风3-4级,ZD250
2015年9月18日,多云/多云,27℃/20℃,南风3-4级/南风3-4级,ZD190
2015年9月19日,晴/晴,29℃/18℃,东北风≤3级/北风≤3级,ZD111
2015年9月19日,多云/晴,28℃/15℃,北风≤3级/北风≤3级,ZD326
2015年9月19日,多云/多云,27℃/15℃,北风3-4级/北风3-4级,ZD250
2015年9月19日,多云/多云,28℃/20℃,北风3-4级/北风3-4级,ZD190
2015年9月20日,晴/晴,29℃/18℃,南风≤3级/南风≤3级,ZD111
2015年9月20日,晴/晴,29℃/15℃,南风≤3级/南风≤3级,ZD326
2015年9月20日,晴/晴,28℃/16℃,北风3-4级/北风3-4级,ZD250
2015年9月20日,多云/晴,27℃/20℃,南风3-4级/南风3-4级,ZD190
2015年9月21日,晴/多云,29℃/20℃,南风≤3级/南风≤3级,ZD111
2015年9月21日,晴/多云,30℃/18℃,南风≤3级/南风≤3级,ZD326
2015年9月21日,晴/多云,29℃/18℃,南风3-4级/南风3-4级,ZD250
2015年9月21日,晴/晴,26℃/20℃,南风3-4级/南风3-4级,ZD190
2015年9月22日,多云/阴,28℃/19℃,南风3-4级/南风≤3级,ZD111
2015年9月22日,多云/阴,28℃/19℃,南风≤3级/南风≤3级,ZD326
2015年9月22日,多云/阴,27℃/19℃,南风3-4级/南风3-4级,ZD250
2015年9月22日,晴/阴,25℃/21℃,南风3-4级/南风3-4级,ZD190
2015年9月23日,多云/多云,28℃/20℃,南风≤3级/南风≤3级,ZD111
2015年9月23日,多云/多云,28℃/18℃,南风≤3级/南风≤3级,ZD326
2015年9月23日,多云/多云,28℃/19℃,南风3-4级/南风3-4级,ZD250
2015年9月23日,多云/多云,27℃/21℃,南风3-4级/北风3-4级,ZD190
2015年9月24日,多云/多云,27℃/19℃,东风≤3级/南风≤3级,ZD111
2015年9月24日,多云/多云,28℃/19℃,南风≤3级/南风≤3级,ZD326
2015年9月24日,多云/多云,28℃/18℃,南风3-4级/南风3-4级,ZD250
2015年9月24日,多云/多云,26℃/20℃,北风3-4级/北风3-4级,ZD190
2015年9月25日,多云/晴,27℃/16℃,北风≤3级/北风≤3级,ZD111
2015年9月25日,多云/晴,27℃/13℃,北风≤3级/北风≤3级,ZD326
2015年9月25日,阴/晴,27℃/15℃,北风3-4级/北风≤3级,ZD250
2015年9月25日,多云/多云,27℃/19℃,北风3-4级/北风3-4级,ZD190
2015年9月26日,晴/晴,28℃/18℃,南风≤3级/南风≤3级,ZD111
2015年9月26日,晴/晴,28℃/14℃,南风≤3级/南风≤3级,ZD326
2015年9月26日,晴/晴,28℃/14℃,北风3-4级/北风3-4级,ZD250
2015年9月26日,多云/晴,27℃/20℃,北风3-4级/南风3-4级,ZD190
2015年9月27日,晴/晴,30℃/19℃,南风≤3级/南风≤3级,ZD111
2015年9月27日,晴/多云,30℃/17℃,南风≤3级/东北风≤3级,ZD326
2015年9月27日,晴/晴,29℃/16℃,南风3-4级/南风3-4级,ZD250
2015年9月27日,晴/晴,26℃/19℃,南风3-4级/东北风4-5级,ZD190
2015年9月28日,多云/多云,25℃/18℃,北风≤3级/北风≤3级,ZD111
2015年9月28日,多云/多云,25℃/17℃,北风≤3级/东北风≤3级,ZD326
2015年9月28日,多云/多云,27℃/17℃,东风3-4级/东风3-4级,ZD250
2015年9月28日,晴/多云,27℃/20℃,东南风3-4级/东北风4-5级,ZD190
2015年9月29日,多云/多云,25℃/17℃,东北风3-4级/北风≤3级,ZD111
2015年9月29日,多云/多云,25℃/17℃,东北风≤3级/南风3-4级,ZD326
2015年9月29日,多云/多云,25℃/17℃,东风3-4级/东风3-4级,ZD250
2015年9月29日,多云/多云,25℃/19℃,东北风4-5级/东北风3-4级,ZD190
2015年9月30日,多云/小雨,26℃/16℃,南风≤3级/西北风3-4级,ZD111
2015年9月30日,多云/小雨,26℃/15℃,南风3-4级/北风3-4级,ZD326
2015年9月30日,多云/小雨,25℃/18℃,南风3-4级/南风3-4级,ZD250
2015年9月30日,小雨/小雨,23℃/17℃,东南风3-4级/东南风4-5级,ZD190
2015年10月1日,晴/晴,22℃/14℃,西北风4-5级/南风≤3级,ZD111
2015年10月1日,多云/晴,21℃/10℃,北风3-4级/北风3-4级,ZD326
2015年10月1日,多云/晴,20℃/12℃,北风3-4级/北风4-5级,ZD250
2015年10月1日,阴/晴,20℃/14℃,北风5-6级/西北风5-6级,ZD190
2015年10月2日,晴/晴,26℃/14℃,南风≤3级/南风≤3级,ZD111
2015年10月2日,晴/晴,27℃/12℃,南风≤3级/南风≤3级,ZD326
2015年10月2日,晴/晴,27℃/12℃,南风3-4级/南风3-4级,ZD250
2015年10月2日,晴/晴,25℃/17℃,西南风3-4级/南风3-4级,ZD190
2015年10月3日,晴/晴,27℃/17℃,南风≤3级/南风≤3级,ZD111
2015年10月3日,晴/晴,27℃/16℃,南风≤3级/南风≤3级,ZD326
2015年10月3日,晴/晴,27℃/15℃,南风3-4级/南风3-4级,ZD250
2015年10月3日,多云/多云,24℃/19℃,南风3-4级/南风3-4级,ZD190
2015年10月4日,多云/多云,28℃/18℃,南风≤3级/南风≤3级,ZD111
2015年10月4日,晴/晴,28℃/16℃,南风≤3级/南风≤3级,ZD326
2015年10月4日,晴/晴,27℃/17℃,南风3-4级/南风3-4级,ZD250
2015年10月4日,多云/多云,24℃/19℃,南风3-4级/南风3-4级,ZD190
2015年10月5日,晴/晴,28℃/17℃,南风≤3级/南风≤3级,ZD111
2015年10月5日,晴/晴,28℃/15℃,南风≤3级/南风≤3级,ZD326
2015年10月5日,晴/晴,28℃/16℃,南风3-4级/南风3-4级,ZD250
2015年10月5日,晴/多云,24℃/19℃,南风3-4级/南风3-4级,ZD190
2015年10月6日,多云/阴,27℃/19℃,南风≤3级/南风≤3级,ZD111
2015年10月6日,晴/多云,28℃/19℃,南风≤3级/南风≤3级,ZD326
2015年10月6日,晴/多云,28℃/17℃,南风3-4级/南风3-4级,ZD250
2015年10月6日,晴/多云,23℃/19℃,南风3-4级/南风3-4级,ZD190
2015年10月7日,多云/多云,25℃/14℃,南风≤3级/南风≤3级,ZD111
2015年10月7日,阴/多云,26℃/14℃,南风≤3级/南风≤3级,ZD326
2015年10月7日,多云/阴,25℃/14℃,南风3-4级/南风3-4级,ZD250
2015年10月7日,阵雨/阴,22℃/16℃,南风3-4级/南风3-4级,ZD190
2015年10月8日,晴/晴,20℃/11℃,北风3-4级/南风≤3级,ZD111
2015年10月8日,晴/晴,21℃/9℃,北风≤3级/北风≤3级,ZD326
2015年10月8日,多云/晴,21℃/10℃,北风3-4级/南风3-4级,ZD250
2015年10月8日,多云/多云,22℃/13℃,北风5-6级/北风4-5级,ZD190
2015年10月9日,晴/晴,23℃/10℃,南风3-4级/南风≤3级,ZD111
2015年10月9日,晴/多云,23℃/8℃,南风3-4级/南风3-4级,ZD326
2015年10月9日,多云/多云,23℃/9℃,北风3-4级/南风4-5级,ZD250
2015年10月9日,晴/晴,22℃/13℃,西南风4-5级/西南风4-5级,ZD190
2015年10月10日,晴/晴,17℃/8℃,北风3-4级/北风≤3级,ZD111
2015年10月10日,多云/晴,17℃/7℃,北风3-4级/北风3-4级,ZD326
2015年10月10日,多云/晴,17℃/9℃,北风4-5级/西北风3-4级,ZD250
2015年10月10日,晴/多云,17℃/11℃,北风4-5级/北风5-6级,ZD190
2015年10月11日,晴/晴,21℃/10℃,北风3-4级/北风≤3级,ZD111
2015年10月11日,晴/晴,21℃/7℃,北风3-4级/北风≤3级,ZD326
2015年10月11日,晴/晴,19℃/9℃,西北风3-4级/北风3-4级,ZD250
2015年10月11日,晴/晴,19℃/12℃,北风4-5级/北风4-5级,ZD190
2015年10月12日,晴/晴,23℃/12℃,北风≤3级/南风≤3级,ZD111
2015年10月12日,晴/晴,23℃/8℃,南风≤3级/南风≤3级,ZD326
2015年10月12日,晴/晴,22℃/10℃,南风3-4级/北风3-4级,ZD250
2015年10月12日,晴/晴,22℃/14℃,北风3-4级/北风3-4级,ZD190
2015年10月13日,晴/多云,26℃/16℃,南风≤3级/南风≤3级,ZD111
2015年10月13日,晴/晴,27℃/12℃,南风≤3级/南风≤3级,ZD326
2015年10月13日,晴/晴,26℃/12℃,南风3-4级/南风3-4级,ZD250
2015年10月13日,晴/晴,23℃/17℃,北风3-4级/西南风3-4级,ZD190
2015年10月14日,多云/多云,25℃/17℃,南风3-4级/南风≤3级,ZD111
2015年10月14日,多云/多云,26℃/13℃,南风≤3级/南风≤3级,ZD326
2015年10月14日,多云/多云,27℃/13℃,南风3-4级/南风3-4级,ZD250
2015年10月14日,晴/多云,23℃/18℃,南风3-4级/南风3-4级,ZD190
2015年10月15日,晴/晴,26℃/13℃,北风≤3级/南风≤3级,ZD111
2015年10月15日,多云/晴,26℃/11℃,南风≤3级/北风≤3级,ZD326
2015年10月15日,多云/多云,26℃/14℃,南风3-4级/北风≤3级,ZD250
2015年10月15日,多云/多云,22℃/17℃,南风3-4级/南风3-4级,ZD190
2015年10月16日,晴/晴,28℃/17℃,南风≤3级/南风≤3级,ZD111
2015年10月16日,晴/多云,28℃/14℃,南风≤3级/南风≤3级,ZD326
2015年10月16日,晴/多云,27℃/14℃,南风3-4级/南风≤3级,ZD250
2015年10月16日,晴/雾,23℃/17℃,南风3-4级/南风3-4级,ZD190
2015年10月17日,晴/多云,28℃/17℃,南风3-4级/南风≤3级,ZD111
2015年10月17日,多云/多云,28℃/14℃,南风≤3级/南风≤3级,ZD326
2015年10月17日,多云/多云,28℃/14℃,南风≤3级/南风3-4级,ZD250
2015年10月17日,晴/雾,23℃/18℃,南风3-4级/南风3-4级,ZD190
2015年10月18日,多云/阴,24℃/14℃,北风3-4级/北风3-4级,ZD111
2015年10月18日,多云/多云,23℃/12℃,东北风3-4级/北风≤3级,ZD326
2015年10月18日,多云/多云,23℃/14℃,北风3-4级/北风3-4级,ZD250
2015年10月18日,晴/多云,22℃/17℃,东北风3-4级/东南风3-4级,ZD190
2015年10月19日,多云/多云,25℃/15℃,南风≤3级/南风≤3级,ZD111
2015年10月19日,多云/多云,25℃/12℃,南风≤3级/南风≤3级,ZD326
2015年10月19日,多云/多云,26℃/14℃,南风3-4级/南风≤3级,ZD250
2015年10月19日,多云/晴,22℃/17℃,南风3-4级/南风3-4级,ZD190
2015年10月20日,多云/霾,25℃/15℃,南风≤3级/南风≤3级,ZD111
2015年10月20日,晴/晴,25℃/12℃,南风≤3级/南风≤3级,ZD326
2015年10月20日,晴/晴,26℃/13℃,南风3-4级/南风3-4级,ZD250
2015年10月20日,晴/晴,22℃/17℃,南风3-4级/南风3-4级,ZD190
2015年10月21日,晴/多云,25℃/13℃,南风≤3级/北风3-4级,ZD111
2015年10月21日,晴/多云,24℃/12℃,东北风≤3级/东北风≤3级,ZD326
2015年10月21日,多云/多云,25℃/12℃,北风3-4级/南风3-4级,ZD250
2015年10月21日,晴/晴,22℃/17℃,东南风3-4级/东北风3-4级,ZD190
2015年10月22日,多云/阴,20℃/13℃,北风≤3级/北风≤3级,ZD111
2015年10月22日,多云/多云,22℃/12℃,东北风≤3级/南风≤3级,ZD326
2015年10月22日,多云/多云,23℃/14℃,南风3-4级/北风3-4级,ZD250
2015年10月22日,多云/多云,21℃/16℃,东北风3-4级/南风3-4级,ZD190
2015年10月23日,阴/阴,18℃/11℃,南风≤3级/北风≤3级,ZD111
2015年10月23日,多云/多云,19℃/11℃,南风≤3级/南风3-4级,ZD326
2015年10月23日,多云/阴,22℃/13℃,北风3-4级/北风3-4级,ZD250
2015年10月23日,多云/多云,21℃/17℃,南风3-4级/南风3-4级,ZD190
2015年10月24日,多云/多云,19℃/11℃,北风3-4级/东北风3-4级,ZD111
2015年10月24日,晴/多云,19℃/8℃,北风3-4级/东北风3-4级,ZD326
2015年10月24日,多云/多云,21℃/11℃,北风3-4级/北风3-4级,ZD250
2015年10月24日,晴/晴,22℃/13℃,北风4-5级/北风3-4级,ZD190
2015年10月25日,多云/小雨,17℃/11℃,东北风3-4级/西南风≤3级,ZD111
2015年10月25日,多云/小雨,17℃/11℃,东北风≤3级/南风≤3级,ZD326
2015年10月25日,多云/阴,17℃/11℃,北风3-4级/南风3-4级,ZD250
2015年10月25日,多云/多云,17℃/13℃,北风3-4级/南风3-4级,ZD190
2015年10月26日,小雨/多云,16℃/6℃,北风≤3级/北风≤3级,ZD111
2015年10月26日,小雨/多云,15℃/4℃,北风≤3级/北风≤3级,ZD326
2015年10月26日,小雨/小雨,16℃/7℃,南风3-4级/北风3-4级,ZD250
2015年10月26日,小雨/阵雨,17℃/10℃,北风3-4级/北风5-6级,ZD190
2015年10月27日,晴/晴,17℃/7℃,南风≤3级/南风≤3级,ZD111
2015年10月27日,晴/晴,17℃/4℃,北风≤3级/北风≤3级,ZD326
2015年10月27日,多云/晴,17℃/6℃,北风3-4级/西北风3-4级,ZD250
2015年10月27日,晴/晴,17℃/11℃,北风4-5级/北风3-4级,ZD190
2015年10月28日,晴/晴,19℃/8℃,南风≤3级/北风≤3级,ZD111
2015年10月28日,晴/晴,19℃/6℃,南风≤3级/南风≤3级,ZD326
2015年10月28日,晴/晴,18℃/6℃,北风3-4级/北风3-4级,ZD250
2015年10月28日,晴/晴,17℃/11℃,北风3-4级/北风3-4级,ZD190
2015年10月29日,晴/晴,14℃/4℃,北风≤3级/北风≤3级,ZD111
2015年10月29日,多云/晴,15℃/0℃,北风3-4级/北风≤3级,ZD326
2015年10月29日,晴/晴,14℃/3℃,北风3-4级/北风3-4级,ZD250
2015年10月29日,晴/晴,17℃/7℃,北风3-4级/北风4-5级,ZD190
2015年10月30日,晴/晴,13℃/3℃,北风≤3级/南风≤3级,ZD111
2015年10月30日,晴/晴,13℃/0℃,北风≤3级/北风≤3级,ZD326
2015年10月30日,晴/晴,13℃/3℃,北风3-4级/北风3-4级,ZD250
2015年10月30日,晴/晴,14℃/7℃,北风4-5级/北风3-4级,ZD190
2015年10月31日,多云/阵雨,15℃/8℃,南风≤3级/南风≤3级,ZD111
2015年10月31日,晴/阵雨,16℃/6℃,南风≤3级/南风≤3级,ZD326
2015年10月31日,多云/多云,15℃/8℃,北风3-4级/南风3-4级,ZD250
2015年10月31日,晴/多云,14℃/10℃,北风3-4级/北风3-4级,ZD190
2015年11月1日,阴/晴,15℃/7℃,南风≤3级/南风≤3级,ZD111
2015年11月1日,阴/多云,14℃/3℃,南风≤3级/南风≤3级,ZD326
2015年11月1日,阴/多云,14℃/6℃,南风3-4级/南风3-4级,ZD250
2015年11月1日,阴/多云,15℃/10℃,西北风3-4级/南风3-4级,ZD190
2015年11月2日,晴/晴,19℃/11℃,南风≤3级/南风3-4级,ZD111
2015年11月2日,晴/晴,20℃/8℃,南风≤3级/南风3-4级,ZD326
2015年11月2日,晴/晴,19℃/6℃,南风3-4级/南风3-4级,ZD250
2015年11月2日,晴/晴,17℃/12℃,北风3-4级/南风3-4级,ZD190
2015年11月3日,晴/晴,20℃/12℃,南风3-4级/南风3-4级,ZD111
2015年11月3日,多云/多云,22℃/8℃,南风3-4级/南风≤3级,ZD326
2015年11月3日,晴/晴,20℃/8℃,南风3-4级/南风3-4级,ZD250
2015年11月3日,晴/晴,18℃/14℃,南风3-4级/南风3-4级,ZD190
2015年11月4日,晴/多云,19℃/9℃,南风≤3级/南风≤3级,ZD111
2015年11月4日,多云/多云,19℃/7℃,南风≤3级/东风≤3级,ZD326
2015年11月4日,晴/多云,20℃/10℃,南风3-4级/东南风3-4级,ZD250
2015年11月4日,阴/阵雨,18℃/16℃,南风3-4级/东南风3-4级,ZD190
2015年11月5日,小雨/中雨,18℃/6℃,东北风3-4级/东北风4-5级,ZD111
2015年11月5日,小雨/中雨,18℃/7℃,东风3-4级/东北风3-4级,ZD326
2015年11月5日,多云/中雨,17℃/10℃,东北风3-4级/东北风4-5级,ZD250
2015年11月5日,小雨/中雨,18℃/14℃,东南风3-4级/东南风4-5级,ZD190
2015年11月6日,中雨/小雨,9℃/5℃,东北风4-5级/东北风3-4级,ZD111
2015年11月6日,中雨/中雨,11℃/7℃,东北风3-4级/东北风3-4级,ZD326
2015年11月6日,中雨/小到中雨,12℃/10℃,北风3-4级/北风4-5级,ZD250
2015年11月6日,中到大雨/小雨,16℃/14℃,东风5-6级/北风5-6级,ZD190
2015年11月7日,小雨/小雨,9℃/5℃,东北风3-4级/东北风3-4级,ZD111
2015年11月7日,小雨/小雨,10℃/6℃,东北风3-4级/东北风3-4级,ZD326
2015年11月7日,小雨/小雨,12℃/10℃,北风3-4级/北风3-4级,ZD250
2015年11月7日,阵雨/阵雨,16℃/12℃,北风4-5级/北风4-5级,ZD190
2015年11月8日,阵雨/阴,10℃/3℃,北风3-4级/北风≤3级,ZD111
2015年11月8日,阴/多云,11℃/1℃,北风≤3级/北风≤3级,ZD326
2015年11月8日,多云/多云,12℃/3℃,北风3-4级/北风3-4级,ZD250
2015年11月8日,阴/雾,15℃/7℃,北风4-5级/北风4-5级,ZD190
2015年11月9日,晴/晴,14℃/3℃,北风≤3级/南风≤3级,ZD111
2015年11月9日,晴/多云,14℃/0℃,南风≤3级/北风≤3级,ZD326
2015年11月9日,多云/多云,13℃/2℃,北风3-4级/北风3-4级,ZD250
2015年11月9日,多云/晴,13℃/5℃,北风3-4级/北风4-5级,ZD190
2015年11月10日,多云/雾,13℃/4℃,南风≤3级/东风≤3级,ZD111
2015年11月10日,多云/多云,13℃/2℃,南风≤3级/东风≤3级,ZD326
2015年11月10日,多云/多云,12℃/5℃,南风3-4级/南风3-4级,ZD250
2015年11月10日,晴/晴,11℃/7℃,北风3-4级/北风3-4级,ZD190
2015年11月11日,霾/霾,10℃/5℃,东风≤3级/东风≤3级,ZD111
2015年11月11日,多云/多云,12℃/3℃,东风≤3级/东风≤3级,ZD326
2015年11月11日,多云/多云,12℃/5℃,南风3-4级/东风3-4级,ZD250
2015年11月11日,多云/多云,12℃/8℃,北风3-4级/北风3-4级,ZD190
2015年11月12日,霾/小雨,11℃/6℃,东风≤3级/北风≤3级,ZD111
2015年11月12日,多云/小雨,12℃/6℃,东风≤3级/东风≤3级,ZD326
2015年11月12日,多云/小雨,12℃/7℃,东风3-4级/东北风3-4级,ZD250
2015年11月12日,多云/阵雨,14℃/11℃,北风3-4级/东北风3-4级,ZD190
2015年11月13日,小雨/雾,9℃/6℃,北风≤3级/北风≤3级,ZD111
2015年11月13日,小雨/小雨,9℃/7℃,东北风≤3级/北风≤3级,ZD326
2015年11月13日,小雨/小雨,11℃/8℃,北风3-4级/北风3-4级,ZD250
2015年11月13日,小雨/阴,14℃/10℃,东北风3-4级/北风3-4级,ZD190
2015年11月14日,雾/雾,13℃/7℃,南风≤3级/南风≤3级,ZD111
2015年11月14日,阴/多云,13℃/7℃,北风≤3级/南风≤3级,ZD326
2015年11月14日,阴/多云,14℃/7℃,北风3-4级/南风≤3级,ZD250
2015年11月14日,晴/多云,14℃/12℃,北风3-4级/南风3-4级,ZD190
2015年11月15日,多云/小雨,14℃/7℃,南风≤3级/北风≤3级,ZD111
2015年11月15日,多云/小雨,13℃/7℃,北风≤3级/东北风≤3级,ZD326
2015年11月15日,阴/小雨,15℃/9℃,南风≤3级/北风3-4级,ZD250
2015年11月15日,阴/小雨,15℃/11℃,北风3-4级/北风3-4级,ZD190
2015年11月16日,雾/雾,11℃/5℃,北风≤3级/东北风≤3级,ZD111
2015年11月16日,阴/多云,11℃/4℃,北风≤3级/东北风≤3级,ZD326
2015年11月16日,小雨/多云,12℃/9℃,北风3-4级/北风3-4级,ZD250
2015年11月16日,阵雨/阴,14℃/8℃,北风4-5级/北风4-5级,ZD190
2015年11月17日,多云/小雨,11℃/5℃,东北风3-4级/东北风≤3级,ZD111
2015年11月17日,多云/小雨,11℃/4℃,东北风≤3级/东北风≤3级,ZD326
2015年11月17日,多云/多云,12℃/6℃,北风3-4级/北风3-4级,ZD250
2015年11月17日,晴/多云,13℃/7℃,北风4-5级/北风4-5级,ZD190
2015年11月18日,多云/多云,10℃/4℃,东北风≤3级/北风≤3级,ZD111
2015年11月18日,阴/多云,10℃/1℃,东北风≤3级/东北风≤3级,ZD326
2015年11月18日,多云/多云,10℃/3℃,北风3-4级/东北风3-4级,ZD250
2015年11月18日,阴/多云,11℃/6℃,北风5-6级/北风3-4级,ZD190
2015年11月19日,多云/阴,10℃/6℃,东风≤3级/东风≤3级,ZD111
2015年11月19日,多云/多云,11℃/5℃,东北风≤3级/东北风≤3级,ZD326
2015年11月19日,多云/多云,12℃/5℃,东风3-4级/东风3-4级,ZD250
2015年11月19日,多云/多云,12℃/6℃,北风3-4级/北风3-4级,ZD190
2015年11月20日,阴/小雨,11℃/7℃,东风≤3级/东北风≤3级,ZD111
2015年11月20日,多云/多云,10℃/7℃,东北风≤3级/东北风3-4级,ZD326
2015年11月20日,多云/多云,11℃/7℃,东风3-4级/东南风3-4级,ZD250
2015年11月20日,多云/多云,10℃/8℃,东北风4-5级/东南风3-4级,ZD190
2015年11月21日,小雨/小雨,9℃/5℃,东北风≤3级/东北风3-4级,ZD111
2015年11月21日,小雨/小雨,10℃/6℃,东北风3-4级/东北风≤3级,ZD326
2015年11月21日,小雨/小雨,10℃/6℃,东风3-4级/东北风3-4级,ZD250
2015年11月21日,阴/阵雨,12℃/7℃,东北风3-4级/东南风3-4级,ZD190
2015年11月22日,小雨/小雨,6℃/1℃,东北风3-4级/东北风4-5级,ZD111
2015年11月22日,小雨/小雨,7℃/1℃,东北风3-4级/东北风3-4级,ZD326
2015年11月22日,小雨/小雨,8℃/3℃,北风3-4级/北风4-5级,ZD250
2015年11月22日,小雨/阵雨,12℃/5℃,北风4-5级/北风4-5级,ZD190
2015年11月23日,雨夹雪/大雪,3℃/-2℃,东北风4-5级/东北风4-5级,ZD111
2015年11月23日,小雨/小雪,2℃/-3℃,东北风4-5级/北风3-4级,ZD326
2015年11月23日,小雨/雨夹雪,5℃/-1℃,北风4-5级/北风4-5级,ZD250
2015年11月23日,多云/阴,6℃/0℃,北风5-6级/北风5-6级,ZD190
2015年11月24日,中雪/小雪,-1℃/-6℃,北风3-4级/北风≤3级,ZD111
2015年11月24日,中雪/小雪,0℃/-7℃,北风4-5级/北风4-5级,ZD326
2015年11月24日,小雪/小雪,2℃/-4℃,北风4-5级/北风3-4级,ZD250
2015年11月24日,雨夹雪/阴,2℃/-2℃,北风5-6级/北风5-6级,ZD190
2015年11月25日,中雪/多云,-2℃/-10℃,北风≤3级/北风3-4级,ZD111
2015年11月25日,小雪/阴,-1℃/-10℃,北风3-4级/北风3-4级,ZD326
2015年11月25日,小雪/小雪,0℃/-8℃,北风3-4级/北风3-4级,ZD250
2015年11月25日,阵雪/阵雪,1℃/-3℃,北风5-6级/北风4-5级,ZD190
2015年11月26日,晴/晴,-2℃/-9℃,北风3-4级/北风≤3级,ZD111
2015年11月26日,多云/晴,-2℃/-11℃,北风3-4级/北风≤3级,ZD326
2015年11月26日,多云/晴,-2℃/-10℃,北风3-4级/北风3-4级,ZD250
2015年11月26日,阴/阴,-1℃/-5℃,北风5-6级/北风5-6级,ZD190
2015年11月27日,晴/晴,3℃/-3℃,南风≤3级/南风≤3级,ZD111
2015年11月27日,晴/晴,2℃/-7℃,南风≤3级/南风≤3级,ZD326
2015年11月27日,晴/晴,2℃/-6℃,南风3-4级/南风3-4级,ZD250
2015年11月27日,多云/晴,2℃/1℃,北风4-5级/南风3-4级,ZD190
2015年11月28日,多云/晴,6℃/-2℃,南风≤3级/南风≤3级,ZD111
2015年11月28日,晴/晴,6℃/-3℃,南风≤3级/南风≤3级,ZD326
2015年11月28日,晴/晴,6℃/-3℃,南风3-4级/北风3-4级,ZD250
2015年11月28日,晴/多云,6℃/5℃,南风3-4级/南风3-4级,ZD190
2015年11月29日,晴/霾,7℃/-1℃,南风≤3级/北风≤3级,ZD111
2015年11月29日,多云/多云,7℃/-4℃,北风≤3级/北风≤3级,ZD326
2015年11月29日,晴/多云,6℃/-4℃,北风3-4级/北风3-4级,ZD250
2015年11月29日,多云/晴,9℃/2℃,北风3-4级/北风3-4级,ZD190
2015年11月30日,雾/雾,6℃/2℃,南风≤3级/南风≤3级,ZD111
2015年11月30日,多云/阴,7℃/1℃,南风≤3级/南风≤3级,ZD326
2015年11月30日,晴/多云,7℃/3℃,南风3-4级/南风≤3级,ZD250
2015年11月30日,晴/雾,8℃/3℃,北风3-4级/南风3-4级,ZD190
2015年12月1日,小雨/阴,7℃/1℃,南风≤3级/南风3-4级,ZD111
2015年12月1日,小雨/阴,9℃/0℃,南风≤3级/北风3-4级,ZD326
2015年12月1日,小雨/阴,10℃/2℃,南风3-4级/南风3-4级,ZD250
2015年12月1日,小雨/阵雨,12℃/3℃,南风3-4级/南风3-4级,ZD190
2015年12月2日,多云/晴,7℃/-3℃,西北风3-4级/西北风3-4级,ZD111
2015年12月2日,多云/晴,7℃/-3℃,北风3-4级/北风3-4级,ZD326
2015年12月2日,多云/晴,7℃/-2℃,北风4-5级/西北风3-4级,ZD250
2015年12月2日,多云/晴,7℃/0℃,西北风5-6级/西北风5-6级,ZD190
2015年12月3日,晴/晴,5℃/-2℃,西北风3-4级/北风≤3级,ZD111
2015年12月3日,晴/晴,6℃/-4℃,北风3-4级/北风3-4级,ZD326
2015年12月3日,晴/晴,4℃/-3℃,西北风3-4级/北风4-5级,ZD250
2015年12月3日,晴/多云,4℃/-1℃,西北风5-6级/北风5-6级,ZD190
2015年12月4日,晴/晴,6℃/-1℃,南风≤3级/南风≤3级,ZD111
2015年12月4日,晴/晴,6℃/-4℃,南风≤3级/南风≤3级,ZD326
2015年12月4日,晴/晴,6℃/-2℃,西北风3-4级/南风≤3级,ZD250
2015年12月4日,晴/晴,5℃/0℃,北风5-6级/北风3-4级,ZD190
2015年12月5日,晴/多云,7℃/-1℃,北风≤3级/南风≤3级,ZD111
2015年12月5日,晴/多云,6℃/-3℃,南风≤3级/北风≤3级,ZD326
2015年12月5日,晴/多云,6℃/-3℃,南风≤3级/北风3-4级,ZD250
2015年12月5日,晴/多云,7℃/3℃,北风3-4级/北风3-4级,ZD190
2015年12月6日,多云/多云,7℃/0℃,南风≤3级/东南风≤3级,ZD111
2015年12月6日,多云/多云,7℃/-2℃,南风≤3级/南风≤3级,ZD326
2015年12月6日,多云/多云,8℃/0℃,南风3-4级/南风3-4级,ZD250
2015年12月6日,多云/多云,7℃/4℃,南风3-4级/南风3-4级,ZD190
2015年12月7日,阴/多云,7℃/2℃,东南风≤3级/南风≤3级,ZD111
2015年12月7日,多云/阴,6℃/0℃,东北风≤3级/南风≤3级,ZD326
2015年12月7日,阴/阴,8℃/0℃,南风3-4级/南风3-4级,ZD250
2015年12月7日,多云/多云,8℃/4℃,南风3-4级/北风3-4级,ZD190
2015年12月8日,多云/多云,11℃/5℃,南风≤3级/南风≤3级,ZD111
2015年12月8日,多云/多云,11℃/2℃,南风≤3级/东南风≤3级,ZD326
2015年12月8日,多云/多云,10℃/3℃,南风3-4级/南风3-4级,ZD250
2015年12月8日,晴/晴,10℃/7℃,南风3-4级/南风3-4级,ZD190
2015年12月9日,多云/霾,11℃/4℃,南风≤3级/北风≤3级,ZD111
2015年12月9日,多云/多云,12℃/4℃,东南风≤3级/南风≤3级,ZD326
2015年12月9日,多云/多云,11℃/5℃,南风3-4级/南风3-4级,ZD250
2015年12月9日,多云/多云,11℃/8℃,南风3-4级/南风3-4级,ZD190
2015年12月10日,霾/晴,9℃/0℃,北风3-4级/北风3-4级,ZD111
2015年12月10日,阴/多云,9℃/-1℃,北风3-4级/东北风≤3级,ZD326
2015年12月10日,阴/阴,10℃/2℃,北风3-4级/北风3-4级,ZD250
2015年12月10日,多云/多云,12℃/3℃,北风5-6级/北风5-6级,ZD190
2015年12月11日,晴/晴,6℃/-1℃,北风3-4级/北风≤3级,ZD111
2015年12月11日,晴/多云,5℃/-4℃,北风≤3级/北风≤3级,ZD326
2015年12月11日,多云/多云,4℃/-1℃,北风3-4级/北风3-4级,ZD250
2015年12月11日,晴/多云,6℃/0℃,北风5-6级/北风3-4级,ZD190
2015年12月12日,晴/晴,6℃/-1℃,东北风≤3级/北风≤3级,ZD111
2015年12月12日,多云/晴,6℃/-4℃,北风≤3级/北风≤3级,ZD326
2015年12月12日,多云/晴,6℃/-2℃,北风3-4级/北风3-4级,ZD250
2015年12月12日,多云/晴,6℃/1℃,北风3-4级/北风3-4级,ZD190
2015年12月13日,多云/阴,7℃/-1℃,北风≤3级/南风≤3级,ZD111
2015年12月13日,多云/多云,6℃/-3℃,北风≤3级/北风≤3级,ZD326
2015年12月13日,晴/晴,7℃/-2℃,北风3-4级/北风3-4级,ZD250
2015年12月13日,晴/多云,7℃/1℃,北风3-4级/北风3-4级,ZD190
2015年12月14日,霾/霾,7℃/-1℃,南风≤3级/北风≤3级,ZD111
2015年12月14日,阴/多云,7℃/-3℃,北风≤3级/北风3-4级,ZD326
2015年12月14日,晴/多云,7℃/-1℃,北风3-4级/北风3-4级,ZD250
2015年12月14日,多云/多云,7℃/1℃,北风3-4级/北风5-6级,ZD190
2015年12月15日,多云/晴,5℃/-4℃,北风≤3级/北风3-4级,ZD111
2015年12月15日,多云/晴,4℃/-6℃,北风3-4级/北风3-4级,ZD326
2015年12月15日,多云/多云,5℃/-4℃,北风3-4级/北风3-4级,ZD250
2015年12月15日,晴/晴,5℃/-1℃,北风4-5级/北风5-6级,ZD190
2015年12月16日,晴/晴,3℃/-5℃,北风3-4级/北风≤3级,ZD111
2015年12月16日,晴/晴,2℃/-7℃,北风≤3级/北风3-4级,ZD326
2015年12月16日,晴/晴,1℃/-6℃,北风3-4级/北风4-5级,ZD250
2015年12月16日,晴/晴,1℃/-3℃,北风5-6级/西北风4-5级,ZD190
2015年12月17日,晴/晴,4℃/-3℃,南风≤3级/南风≤3级,ZD111
2015年12月17日,晴/晴,3℃/-7℃,南风≤3级/北风≤3级,ZD326
2015年12月17日,晴/晴,3℃/-5℃,北风3-4级/南风3-4级,ZD250
2015年12月17日,晴/晴,2℃/-2℃,西北风4-5级/北风3-4级,ZD190
2015年12月18日,晴/晴,7℃/-2℃,南风≤3级/北风≤3级,ZD111
2015年12月18日,晴/晴,6℃/-4℃,北风≤3级/北风3-4级,ZD326
2015年12月18日,晴/晴,7℃/-4℃,南风3-4级/北风3-4级,ZD250
2015年12月18日,晴/晴,5℃/-1℃,北风3-4级/北风3-4级,ZD190
2015年12月19日,多云/霾,5℃/0℃,北风≤3级/南风≤3级,ZD111
2015年12月19日,多云/多云,6℃/-2℃,北风≤3级/南风≤3级,ZD326
2015年12月19日,晴/多云,6℃/-1℃,南风3-4级/南风≤3级,ZD250
2015年12月19日,晴/雾,6℃/4℃,北风3-4级/南风3-4级,ZD190
2015年12月20日,霾/霾,6℃/0℃,南风≤3级/南风≤3级,ZD111
2015年12月20日,多云/多云,6℃/-3℃,东南风≤3级/南风≤3级,ZD326
2015年12月20日,多云/多云,6℃/-2℃,南风3-4级/南风≤3级,ZD250
2015年12月20日,小雨/雾,7℃/1℃,南风3-4级/北风3-4级,ZD190
2015年12月21日,霾/霾,9℃/0℃,南风≤3级/南风≤3级,ZD111
2015年12月21日,多云/多云,8℃/-1℃,南风≤3级/南风≤3级,ZD326
2015年12月21日,多云/多云,8℃/-1℃,南风≤3级/南风3-4级,ZD250
2015年12月21日,雾/雾,7℃/4℃,北风3-4级/北风3-4级,ZD190
2015年12月22日,霾/雾,8℃/1℃,南风≤3级/东北风≤3级,ZD111
2015年12月22日,阴/阴,7℃/0℃,南风≤3级/东北风≤3级,ZD326
2015年12月22日,阴/小雨,8℃/2℃,南风≤3级/南风3-4级,ZD250
2015年12月22日,小雨/阵雨,8℃/5℃,南风3-4级/南风3-4级,ZD190
2015年12月23日,雾/雾,8℃/0℃,东北风≤3级/北风≤3级,ZD111
2015年12月23日,多云/多云,7℃/-2℃,北风≤3级/北风≤3级,ZD326
2015年12月23日,阴/多云,8℃/-2℃,北风3-4级/北风≤3级,ZD250
2015年12月23日,雾/雾,8℃/2℃,北风3-4级/北风3-4级,ZD190
2015年12月24日,雾/雾,7℃/-1℃,北风≤3级/北风≤3级,ZD111
2015年12月24日,雾/雾,6℃/-4℃,北风≤3级/北风≤3级,ZD326
2015年12月24日,霾/雾,6℃/-3℃,北风3-4级/南风≤3级,ZD250
2015年12月24日,霾/雾,6℃/0℃,北风3-4级/北风3-4级,ZD190
2015年12月25日,雾/霾,7℃/0℃,南风≤3级/南风3-4级,ZD111
2015年12月25日,霾/霾,6℃/-3℃,南风≤3级/南风3-4级,ZD326
2015年12月25日,霾/霾,9℃/-2℃,南风3-4级/南风3-4级,ZD250
2015年12月25日,雾/晴,7℃/3℃,西南风3-4级/南风3-4级,ZD190
2015年12月26日,晴/多云,8℃/-3℃,北风≤3级/北风3-4级,ZD111
2015年12月26日,晴/多云,8℃/-5℃,北风3-4级/北风3-4级,ZD326
2015年12月26日,霾/晴,7℃/-4℃,南风3-4级/北风3-4级,ZD250
2015年12月26日,晴/晴,7℃/-3℃,南风3-4级/北风4-5级,ZD190
2015年12月27日,多云/多云,2℃/-4℃,北风3-4级/东北风≤3级,ZD111
2015年12月27日,多云/多云,2℃/-7℃,北风≤3级/北风≤3级,ZD326
2015年12月27日,晴/晴,0℃/-6℃,北风3-4级/北风≤3级,ZD250
2015年12月27日,晴/晴,0℃/-5℃,北风4-5级/西北风3-4级,ZD190
2015年12月28日,晴/晴,5℃/-1℃,南风≤3级/南风≤3级,ZD111
2015年12月28日,晴/晴,4℃/-4℃,南风≤3级/南风≤3级,ZD326
2015年12月28日,晴/晴,4℃/-4℃,北风3-4级/南风≤3级,ZD250
2015年12月28日,晴/晴,3℃/0℃,西北风3-4级/西北风3-4级,ZD190
2015年12月29日,晴/晴,8℃/-1℃,南风3-4级/南风≤3级,ZD111
2015年12月29日,晴/多云,8℃/-3℃,南风≤3级/南风≤3级,ZD326
2015年12月29日,多云/晴,7℃/-2℃,南风3-4级/南风3-4级,ZD250
2015年12月29日,晴/多云,6℃/2℃,西南风3-4级/南风3-4级,ZD190
2015年12月30日,霾/霾,6℃/-3℃,北风≤3级/南风≤3级,ZD111
2015年12月30日,晴/霾,6℃/-6℃,南风≤3级/北风≤3级,ZD326
2015年12月30日,多云/霾,6℃/-4℃,南风≤3级/南风3-4级,ZD250
2015年12月30日,多云/多云,7℃/-1℃,南风3-4级/北风4-5级,ZD190
2015年12月31日,霾/晴,8℃/3℃,南风≤3级/南风3-4级,ZD111
2015年12月31日,霾/晴,7℃/1℃,北风≤3级/南风≤3级,ZD326
2015年12月31日,霾/晴,6℃/-2℃,北风3-4级/南风3-4级,ZD250
2015年12月31日,晴/雾,5℃/2℃,北风4-5级/西南风3-4级,ZD190
2016年1月1日,晴/晴,10℃/4℃,南风3-4级/南风3-4级,ZD111
2016年1月1日,晴/多云,10℃/-1℃,南风≤3级/南风3-4级,ZD326
2016年1月1日,晴/多云,9℃/-2℃,南风3-4级/南风3-4级,ZD250
2016年1月1日,多云/多云,7℃/4℃,西南风4-5级/西南风3-4级,ZD190
2016年1月2日,晴/霾,13℃/3℃,南风≤3级/南风≤3级,ZD111
2016年1月2日,多云/晴,12℃/0℃,南风3-4级/南风≤3级,ZD326
2016年1月2日,多云/晴,12℃/-1℃,北风3-4级/北风3-4级,ZD250
2016年1月2日,晴/雾,11℃/4℃,西南风3-4级/北风3-4级,ZD190
2016年1月3日,霾/雾,10℃/0℃,北风≤3级/北风3-4级,ZD111
2016年1月3日,多云/霾,9℃/-3℃,北风≤3级/北风≤3级,ZD326
2016年1月3日,多云/霾,9℃/-2℃,北风≤3级/北风3-4级,ZD250
2016年1月3日,多云/雾,10℃/1℃,北风3-4级/北风4-5级,ZD190
2016年1月4日,霾/霾,5℃/-2℃,北风3-4级/北风3-4级,ZD111
2016年1月4日,多云/多云,4℃/-3℃,北风≤3级/北风≤3级,ZD326
2016年1月4日,多云/多云,4℃/-3℃,北风3-4级/北风≤3级,ZD250
2016年1月4日,晴/多云,6℃/0℃,北风4-5级/北风3-4级,ZD190
2016年1月5日,多云/小雪,4℃/-2℃,北风≤3级/北风≤3级,ZD111
2016年1月5日,多云/小雪,3℃/-3℃,北风≤3级/北风≤3级,ZD326
2016年1月5日,多云/多云,4℃/-3℃,北风3-4级/北风≤3级,ZD250
2016年1月5日,晴/多云,4℃/0℃,北风3-4级/北风3-4级,ZD190
2016年1月6日,小雪/雾,2℃/-5℃,北风≤3级/东北风≤3级,ZD111
2016年1月6日,小雪/多云,2℃/-8℃,北风≤3级/北风≤3级,ZD326
2016年1月6日,多云/阴,5℃/-6℃,北风3-4级/北风3-4级,ZD250
2016年1月6日,阴/多云,4℃/-3℃,北风3-4级/北风4-5级,ZD190
2016年1月7日,晴/晴,2℃/-6℃,北风≤3级/南风≤3级,ZD111
2016年1月7日,晴/晴,1℃/-9℃,北风≤3级/北风≤3级,ZD326
2016年1月7日,多云/晴,2℃/-5℃,北风≤3级/北风3-4级,ZD250
2016年1月7日,晴/多云,1℃/-3℃,北风4-5级/北风3-4级,ZD190
2016年1月8日,晴/霾,4℃/-5℃,南风≤3级/南风≤3级,ZD111
2016年1月8日,晴/晴,3℃/-8℃,北风≤3级/南风≤3级,ZD326
2016年1月8日,晴/晴,3℃/-7℃,北风3-4级/南风≤3级,ZD250
2016年1月8日,晴/晴,2℃/-2℃,北风3-4级/北风4-5级,ZD190
2016年1月9日,霾/霾,6℃/-4℃,南风≤3级/南风≤3级,ZD111
2016年1月9日,晴/晴,6℃/-7℃,南风≤3级/南风≤3级,ZD326
2016年1月9日,晴/晴,5℃/-5℃,南风3-4级/南风≤3级,ZD250
2016年1月9日,晴/晴,4℃/1℃,南风3-4级/北风3-4级,ZD190
2016年1月10日,霾/霾,6℃/-4℃,北风≤3级/北风3-4级,ZD111
2016年1月10日,多云/多云,6℃/-7℃,北风3-4级/北风3-4级,ZD326
2016年1月10日,晴/多云,6℃/-6℃,北风3-4级/北风3-4级,ZD250
2016年1月10日,霾/多云,6℃/-3℃,北风3-4级/北风5-6级,ZD190
2016年1月11日,多云/多云,0℃/-7℃,北风3-4级/东北风≤3级,ZD111
2016年1月11日,晴/多云,0℃/-9℃,北风≤3级/北风≤3级,ZD326
2016年1月11日,多云/晴,0℃/-7℃,北风3-4级/西北风3-4级,ZD250
2016年1月11日,多云/晴,1℃/-4℃,北风5-6级/北风4-5级,ZD190
2016年1月12日,晴/晴,1℃/-7℃,东北风≤3级/南风≤3级,ZD111
2016年1月12日,晴/晴,0℃/-9℃,北风≤3级/北风≤3级,ZD326
2016年1月12日,晴/晴,0℃/-8℃,西北风3-4级/北风3-4级,ZD250
2016年1月12日,晴/晴,0℃/-5℃,北风4-5级/西北风3-4级,ZD190
2016年1月13日,晴/晴,3℃/-4℃,南风≤3级/南风≤3级,ZD111
2016年1月13日,晴/晴,3℃/-7℃,南风≤3级/南风≤3级,ZD326
2016年1月13日,晴/晴,3℃/-7℃,北风≤3级/北风≤3级,ZD250
2016年1月13日,晴/晴,2℃/-3℃,西北风3-4级/西风3-4级,ZD190
2016年1月14日,晴/晴,6℃/-3℃,南风≤3级/南风≤3级,ZD111
2016年1月14日,晴/晴,6℃/-6℃,南风≤3级/南风≤3级,ZD326
2016年1月14日,晴/晴,6℃/-6℃,南风≤3级/南风3-4级,ZD250
2016年1月14日,晴/晴,4℃/-1℃,西南风3-4级/西北风3-4级,ZD190
2016年1月15日,晴/晴,7℃/-3℃,南风≤3级/南风≤3级,ZD111
2016年1月15日,晴/晴,7℃/-7℃,南风≤3级/南风≤3级,ZD326
2016年1月15日,晴/晴,6℃/-4℃,南风≤3级/南风3-4级,ZD250
2016年1月15日,晴/霾,5℃/1℃,北风3-4级/南风3-4级,ZD190
2016年1月16日,霾/霾,6℃/-4℃,南风≤3级/北风≤3级,ZD111
2016年1月16日,多云/多云,8℃/-5℃,南风≤3级/南风≤3级,ZD326
2016年1月16日,多云/多云,8℃/-3℃,南风3-4级/北风3-4级,ZD250
2016年1月16日,晴/多云,7℃/-3℃,南风3-4级/南风3-4级,ZD190
2016年1月17日,小雪/多云,0℃/-8℃,北风3-4级/北风≤3级,ZD111
2016年1月17日,小雪/多云,0℃/-9℃,北风3-4级/北风3-4级,ZD326
2016年1月17日,多云/阴,0℃/-8℃,北风4-5级/北风4-5级,ZD250
2016年1月17日,小雪/多云,2℃/-5℃,北风5-6级/北风5-6级,ZD190
2016年1月18日,晴/晴,-2℃/-8℃,北风≤3级/北风≤3级,ZD111
2016年1月18日,晴/晴,-2℃/-13℃,北风≤3级/北风≤3级,ZD326
2016年1月18日,多云/晴,-3℃/-9℃,北风3-4级/北风3-4级,ZD250
2016年1月18日,多云/晴,-3℃/-7℃,北风5-6级/北风5-6级,ZD190
2016年1月19日,晴/晴,0℃/-7℃,北风≤3级/南风≤3级,ZD111
2016年1月19日,晴/晴,-1℃/-11℃,北风≤3级/东南风≤3级,ZD326
2016年1月19日,晴/晴,-1℃/-9℃,北风3-4级/北风3-4级,ZD250
2016年1月19日,晴/晴,-2℃/-7℃,北风4-5级/北风4-5级,ZD190
2016年1月20日,多云/多云,2℃/-5℃,东风≤3级/南风≤3级,ZD111
2016年1月20日,多云/晴,2℃/-9℃,东南风≤3级/东南风≤3级,ZD326
2016年1月20日,晴/多云,-1℃/-7℃,南风3-4级/东风3-4级,ZD250
2016年1月20日,多云/多云,-1℃/-5℃,北风3-4级/北风3-4级,ZD190
2016年1月21日,阴/阴,3℃/-8℃,南风≤3级/北风≤3级,ZD111
2016年1月21日,多云/小雪,3℃/-8℃,东南风≤3级/东南风≤3级,ZD326
2016年1月21日,多云/小雪,1℃/-8℃,南风3-4级/北风3-4级,ZD250
2016年1月21日,多云/阴,0℃/-5℃,东北风3-4级/北风3-4级,ZD190
2016年1月22日,中雪/阵雪,-3℃/-15℃,北风4-5级/北风3-4级,ZD111
2016年1月22日,小雪/阵雪,-2℃/-16℃,北风4-5级/北风4-5级,ZD326
2016年1月22日,小雪/小雪,-3℃/-14℃,北风3-4级/北风4-5级,ZD250
2016年1月22日,小雪/多云,-1℃/-13℃,北风4-5级/北风5-6级,ZD190
2016年1月23日,多云/晴,-9℃/-16℃,北风3-4级/北风3-4级,ZD111
2016年1月23日,晴/晴,-10℃/-22℃,北风3-4级/北风3-4级,ZD326
2016年1月23日,阵雪/多云,-10℃/-18℃,北风4-5级/北风3-4级,ZD250
2016年1月23日,阵雪/阵雪,-8℃/-14℃,北风6-7级/北风6-7级,ZD190
2016年1月24日,晴/晴,-5℃/-12℃,北风3-4级/南风≤3级,ZD111
2016年1月24日,晴/晴,-6℃/-14℃,西风3-4级/北风≤3级,ZD326
2016年1月24日,多云/晴,-6℃/-10℃,北风3-4级/西北风4-5级,ZD250
2016年1月24日,晴/晴,-7℃/-10℃,北风6-7级/西北风5-6级,ZD190
2016年1月25日,晴/晴,2℃/-6℃,南风≤3级/南风3-4级,ZD111
2016年1月25日,晴/晴,2℃/-10℃,南风≤3级/南风≤3级,ZD326
2016年1月25日,晴/晴,3℃/-9℃,北风3-4级/南风3-4级,ZD250
2016年1月25日,晴/晴,0℃/-4℃,西北风4-5级/西北风3-4级,ZD190
2016年1月26日,晴/晴,3℃/-7℃,北风≤3级/南风≤3级,ZD111
2016年1月26日,晴/晴,3℃/-10℃,北风≤3级/南风≤3级,ZD326
2016年1月26日,晴/晴,2℃/-9℃,北风3-4级/北风≤3级,ZD250
2016年1月26日,晴/晴,4℃/-4℃,西北风3-4级/北风3-4级,ZD190
2016年1月27日,晴/晴,5℃/-3℃,南风≤3级/南风≤3级,ZD111
2016年1月27日,晴/多云,6℃/-7℃,南风≤3级/南风≤3级,ZD326
2016年1月27日,晴/晴,4℃/-7℃,南风3-4级/南风3-4级,ZD250
2016年1月27日,晴/晴,4℃/0℃,南风3-4级/南风3-4级,ZD190
2016年1月28日,多云/阴,7℃/-2℃,北风≤3级/东北风≤3级,ZD111
2016年1月28日,多云/多云,7℃/-5℃,北风3-4级/东北风3-4级,ZD326
2016年1月28日,晴/多云,5℃/-3℃,南风≤3级/北风3-4级,ZD250
2016年1月28日,多云/阴,6℃/-1℃,南风3-4级/东北风4-5级,ZD190
2016年1月29日,阴/多云,3℃/-4℃,东北风≤3级/东北风3-4级,ZD111
2016年1月29日,多云/多云,2℃/-6℃,东北风3-4级/东北风3-4级,ZD326
2016年1月29日,多云/多云,1℃/-5℃,北风3-4级/东北风3-4级,ZD250
2016年1月29日,阴/多云,4℃/-4℃,东北风4-5级/北风5-6级,ZD190
2016年1月30日,阴/阴,0℃/-6℃,东北风3-4级/北风≤3级,ZD111
2016年1月30日,多云/多云,0℃/-7℃,北风3-4级/北风≤3级,ZD326
2016年1月30日,多云/多云,-1℃/-6℃,北风3-4级/北风3-4级,ZD250
2016年1月30日,多云/多云,1℃/-6℃,北风4-5级/北风4-5级,ZD190
2016年1月31日,多云/晴,1℃/-8℃,北风≤3级/北风≤3级,ZD111
2016年1月31日,多云/多云,0℃/-10℃,北风≤3级/北风≤3级,ZD326
2016年1月31日,多云/多云,-1℃/-8℃,北风3-4级/北风3-4级,ZD250
2016年1月31日,多云/多云,-1℃/-6℃,北风4-5级/北风3-4级,ZD190
2016年2月1日,晴/晴,3℃/-5℃,南风≤3级/南风≤3级,ZD111
2016年2月1日,晴/晴,3℃/-9℃,北风≤3级/南风≤3级,ZD326
2016年2月1日,晴/晴,3℃/-7℃,北风≤3级/北风3-4级,ZD250
2016年2月1日,晴/晴,1℃/-5℃,北风3-4级/西北风3-4级,ZD190
2016年2月2日,晴/晴,6℃/-3℃,南风≤3级/南风≤3级,ZD111
2016年2月2日,晴/晴,6℃/-6℃,南风≤3级/南风≤3级,ZD326
2016年2月2日,晴/多云,5℃/-5℃,北风≤3级/南风≤3级,ZD250
2016年2月2日,晴/晴,3℃/-4℃,西北风3-4级/西南风3-4级,ZD190
2016年2月3日,晴/多云,8℃/-1℃,南风≤3级/南风≤3级,ZD111
2016年2月3日,晴/多云,9℃/-4℃,南风≤3级/南风≤3级,ZD326
2016年2月3日,晴/多云,8℃/-3℃,南风≤3级/南风≤3级,ZD250
2016年2月3日,晴/多云,5℃/0℃,西南风3-4级/西风3-4级,ZD190
2016年2月4日,多云/多云,5℃/-4℃,北风≤3级/南风≤3级,ZD111
2016年2月4日,多云/多云,6℃/-7℃,北风≤3级/北风≤3级,ZD326
2016年2月4日,多云/多云,5℃/-6℃,南风3-4级/北风3-4级,ZD250
2016年2月4日,多云/多云,5℃/-3℃,西北风3-4级/北风4-5级,ZD190
2016年2月5日,多云/晴,4℃/-5℃,北风3-4级/北风≤3级,ZD111
2016年2月5日,晴/晴,4℃/-8℃,北风3-4级/北风≤3级,ZD326
2016年2月5日,多云/晴,4℃/-6℃,北风3-4级/北风3-4级,ZD250
2016年2月5日,多云/晴,4℃/-5℃,北风4-5级/北风4-5级,ZD190
2016年2月6日,晴/晴,5℃/-2℃,北风≤3级/南风≤3级,ZD111
2016年2月6日,晴/晴,5℃/-5℃,北风≤3级/南风≤3级,ZD326
2016年2月6日,晴/晴,4℃/-5℃,北风3-4级/北风3-4级,ZD250
2016年2月6日,晴/晴,3℃/-3℃,西北风4-5级/西北风3-4级,ZD190
2016年2月7日,晴/晴,8℃/1℃,南风≤3级/南风3-4级,ZD111
2016年2月7日,晴/晴,8℃/0℃,南风≤3级/南风≤3级,ZD326
2016年2月7日,晴/晴,8℃/-3℃,南风3-4级/南风3-4级,ZD250
2016年2月7日,多云/晴,5℃/-1℃,西南风3-4级/西南风3-4级,ZD190
2016年2月8日,晴/晴,13℃/3℃,南风3-4级/南风≤3级,ZD111
2016年2月8日,多云/晴,14℃/-3℃,南风≤3级/南风≤3级,ZD326
2016年2月8日,晴/晴,13℃/-3℃,西南风3-4级/北风3-4级,ZD250
2016年2月8日,晴/晴,8℃/2℃,南风4-5级/北风4-5级,ZD190
2016年2月9日,晴/晴,15℃/5℃,南风≤3级/南风≤3级,ZD111
2016年2月9日,晴/晴,15℃/1℃,南风≤3级/南风≤3级,ZD326
2016年2月9日,晴/晴,12℃/0℃,东南风3-4级/东南风3-4级,ZD250
2016年2月9日,晴/晴,11℃/4℃,南风3-4级/南风3-4级,ZD190
2016年2月10日,晴/多云,16℃/7℃,南风≤3级/南风≤3级,ZD111
2016年2月10日,晴/多云,18℃/4℃,南风≤3级/南风≤3级,ZD326
2016年2月10日,多云/多云,15℃/4℃,东南风3-4级/南风3-4级,ZD250
2016年2月10日,晴/雾,9℃/6℃,东南风4-5级/南风4-5级,ZD190
2016年2月11日,多云/阴,14℃/7℃,北风≤3级/东北风≤3级,ZD111
2016年2月11日,多云/多云,14℃/3℃,南风≤3级/东南风≤3级,ZD326
2016年2月11日,阴/多云,13℃/4℃,南风3-4级/东南风3-4级,ZD250
2016年2月11日,小雨/雾,9℃/6℃,南风3-4级/南风3-4级,ZD190
2016年2月12日,小雨/中到大雨,10℃/-3℃,东北风3-4级/东北风3-4级,ZD111
2016年2月12日,小雨/中雨,13℃/-4℃,东北风3-4级/北风3-4级,ZD326
2016年2月12日,小雨/中雨,11℃/-2℃,北风3-4级/北风4-5级,ZD250
2016年2月12日,雾/中到大雨,10℃/-1℃,南风3-4级/南风4-5级,ZD190
2016年2月13日,大雪/阴,0℃/-8℃,东北风5-6级/北风3-4级,ZD111
2016年2月13日,雨夹雪/多云,1℃/-10℃,北风4-5级/北风3-4级,ZD326
2016年2月13日,雨夹雪/小雪,2℃/-6℃,北风4-5级/北风4-5级,ZD250
2016年2月13日,小到中雨/阴,5℃/-4℃,北风5-6级/北风6-7级,ZD190
2016年2月14日,晴/晴,0℃/-7℃,北风3-4级/西北风≤3级,ZD111
2016年2月14日,晴/晴,-3℃/-11℃,北风3-4级/南风3-4级,ZD326
2016年2月14日,多云/多云,-2℃/-9℃,北风3-4级/北风3-4级,ZD250
2016年2月14日,多云/晴,-1℃/-5℃,北风6-7级/北风5-6级,ZD190
2016年2月15日,晴/晴,3℃/-3℃,西北风≤3级/西南风≤3级,ZD111
2016年2月15日,晴/晴,3℃/-6℃,南风3-4级/南风≤3级,ZD326
2016年2月15日,晴/晴,2℃/-4℃,北风3-4级/北风3-4级,ZD250
2016年2月15日,晴/晴,1℃/-2℃,西北风4-5级/西北风4-5级,ZD190
2016年2月16日,晴/晴,8℃/0℃,西南风≤3级/南风≤3级,ZD111
2016年2月16日,晴/晴,8℃/-4℃,南风≤3级/南风≤3级,ZD326
2016年2月16日,晴/晴,6℃/-4℃,北风3-4级/南风3-4级,ZD250
2016年2月16日,晴/晴,6℃/0℃,西北风4-5级/西南风3-4级,ZD190
2016年2月17日,晴/晴,12℃/4℃,南风≤3级/南风3-4级,ZD111
2016年2月17日,晴/晴,12℃/0℃,南风3-4级/南风≤3级,ZD326
2016年2月17日,晴/晴,11℃/1℃,南风3-4级/南风3-4级,ZD250
2016年2月17日,晴/晴,7℃/4℃,西南风3-4级/西南风4-5级,ZD190
2016年2月18日,晴/多云,11℃/3℃,北风≤3级/南风≤3级,ZD111
2016年2月18日,晴/晴,10℃/-1℃,南风≤3级/南风≤3级,ZD326
2016年2月18日,多云/多云,9℃/-1℃,北风3-4级/北风3-4级,ZD250
2016年2月18日,晴/晴,9℃/1℃,西南风4-5级/北风3-4级,ZD190
2016年2月19日,晴/晴,11℃/-3℃,北风3-4级/北风3-4级,ZD111
2016年2月19日,晴/多云,11℃/-4℃,南风≤3级/北风3-4级,ZD326
2016年2月19日,多云/多云,10℃/-4℃,南风3-4级/北风3-4级,ZD250
2016年2月19日,阴/多云,7℃/-1℃,南风3-4级/北风4-5级,ZD190
2016年2月20日,晴/晴,5℃/-2℃,北风3-4级/南风≤3级,ZD111
2016年2月20日,晴/晴,5℃/-5℃,北风3-4级/北风3-4级,ZD326
2016年2月20日,多云/晴,5℃/-4℃,北风3-4级/北风3-4级,ZD250
2016年2月20日,多云/晴,5℃/-2℃,北风4-5级/北风3-4级,ZD190
2016年2月21日,晴/阴,10℃/2℃,南风3-4级/南风3-4级,ZD111
2016年2月21日,晴/多云,9℃/0℃,南风3-4级/南风≤3级,ZD326
2016年2月21日,多云/多云,8℃/2℃,南风3-4级/南风3-4级,ZD250
2016年2月21日,晴/阵雨,5℃/3℃,北风3-4级/南风4-5级,ZD190
2016年2月22日,多云/晴,10℃/-2℃,南风≤3级/北风3-4级,ZD111
2016年2月22日,多云/晴,11℃/-4℃,北风≤3级/北风3-4级,ZD326
2016年2月22日,多云/多云,7℃/-3℃,南风3-4级/北风3-4级,ZD250
2016年2月22日,阴/雾,6℃/-1℃,南风3-4级/北风4-5级,ZD190
2016年2月23日,多云/多云,5℃/-3℃,北风3-4级/南风≤3级,ZD111
2016年2月23日,晴/晴,5℃/-6℃,北风≤3级/北风≤3级,ZD326
2016年2月23日,多云/多云,4℃/-6℃,北风3-4级/北风3-4级,ZD250
2016年2月23日,晴/多云,4℃/-3℃,北风4-5级/北风3-4级,ZD190
2016年2月24日,多云/晴,8℃/-1℃,南风≤3级/南风≤3级,ZD111
2016年2月24日,晴/晴,8℃/-2℃,南风≤3级/南风≤3级,ZD326
2016年2月24日,多云/晴,7℃/-3℃,南风3-4级/南风3-4级,ZD250
2016年2月24日,晴/晴,4℃/0℃,北风3-4级/南风3-4级,ZD190
2016年2月25日,晴/多云,9℃/0℃,南风≤3级/北风≤3级,ZD111
2016年2月25日,晴/多云,10℃/-3℃,南风≤3级/北风≤3级,ZD326
2016年2月25日,晴/多云,8℃/-1℃,北风3-4级/北风3-4级,ZD250
2016年2月25日,晴/多云,7℃/1℃,南风3-4级/南风3-4级,ZD190
2016年2月26日,晴/晴,12℃/2℃,南风≤3级/南风3-4级,ZD111
2016年2月26日,多云/晴,11℃/-1℃,西南风≤3级/南风≤3级,ZD326
2016年2月26日,晴/多云,10℃/-1℃,北风3-4级/南风3-4级,ZD250
2016年2月26日,晴/晴,8℃/3℃,南风3-4级/南风3-4级,ZD190
2016年2月27日,晴/阴,10℃/2℃,北风3-4级/北风3-4级,ZD111
2016年2月27日,多云/雨夹雪,10℃/-1℃,南风≤3级/南风≤3级,ZD326
2016年2月27日,晴/多云,9℃/0℃,北风3-4级/北风3-4级,ZD250
2016年2月27日,雾/雾,10℃/2℃,南风3-4级/北风3-4级,ZD190
2016年2月28日,多云/晴,7℃/-3℃,北风3-4级/北风≤3级,ZD111
2016年2月28日,多云/多云,7℃/-5℃,北风≤3级/北风3-4级,ZD326
2016年2月28日,雨夹雪/多云,5℃/-4℃,北风3-4级/北风3-4级,ZD250
2016年2月28日,雨夹雪/多云,6℃/-3℃,北风3-4级/北风5-6级,ZD190
2016年2月29日,晴/晴,7℃/-1℃,北风≤3级/南风3-4级,ZD111
2016年2月29日,晴/晴,6℃/-3℃,北风3-4级/南风3-4级,ZD326
2016年2月29日,晴/晴,4℃/-4℃,北风3-4级/南风3-4级,ZD250
2016年2月29日,晴/晴,3℃/-2℃,北风4-5级/南风3-4级,ZD190
2016年3月1日,晴/晴,14℃/3℃,南风3-4级/南风3-4级,ZD326
2016年3月1日,晴/晴,12℃/2℃,南风3-4级/南风3-4级,ZD250
2016年3月1日,晴/晴,5℃/3℃,南风3-4级/南风3-4级,ZD190
2016年3月2日,晴/晴,19℃/9℃,南风3-4级/南风3-4级,ZD326
2016年3月2日,晴/晴,18℃/6℃,南风3-4级/西南风3-4级,ZD250
2016年3月2日,晴/晴,8℃/5℃,南风4-5级/南风4-5级,ZD190
2016年3月3日,多云/晴,24℃/11℃,南风3-4级/南风3-4级,ZD326
2016年3月3日,晴/晴,23℃/8℃,南风3-4级/南风3-4级,ZD250
2016年3月3日,晴/雾,10℃/7℃,南风4-5级/南风4-5级,ZD190
2016年3月4日,多云/小雨,23℃/6℃,南风3-4级/南风3-4级,ZD326
2016年3月4日,多云/多云,23℃/4℃,南风3-4级/南风3-4级,ZD250
2016年3月4日,雾/雷阵雨,11℃/5℃,南风3-4级/南风4-5级,ZD190
2016年3月5日,多云/晴,14℃/1℃,北风3-4级/北风≤3级,ZD326
2016年3月5日,阴/多云,15℃/1℃,北风3-4级/南风3-4级,ZD250
2016年3月5日,阴/多云,11℃/4℃,北风4-5级/北风3-4级,ZD190
2016年3月6日,多云/多云,17℃/5℃,南风≤3级/南风≤3级,ZD326
2016年3月6日,多云/多云,15℃/4℃,南风3-4级/南风3-4级,ZD250
2016年3月6日,晴/阴,9℃/5℃,南风3-4级/南风3-4级,ZD190
2016年3月7日,多云/多云,15℃/-1℃,东北风≤3级/东北风3-4级,ZD326
2016年3月7日,多云/阴,15℃/-1℃,北风3-4级/东北风3-4级,ZD250
2016年3月7日,多云/多云,11℃/2℃,南风3-4级/东北风4-5级,ZD190
2016年3月8日,阴/多云,6℃/-5℃,北风3-4级/北风≤3级,ZD326
2016年3月8日,阴/多云,5℃/-4℃,北风3-4级/北风3-4级,ZD250
2016年3月8日,多云/多云,6℃/-2℃,北风5-6级/东北风5-6级,ZD190
2016年3月9日,多云/多云,3℃/-4℃,北风3-4级/北风≤3级,ZD326
2016年3月9日,多云/多云,4℃/-4℃,北风3-4级/北风3-4级,ZD250
2016年3月9日,多云/多云,5℃/-1℃,北风4-5级/北风4-5级,ZD190
2016年3月10日,晴/晴,6℃/-4℃,南风≤3级/南风≤3级,ZD326
2016年3月10日,晴/晴,6℃/-4℃,北风3-4级/北风3-4级,ZD250
2016年3月10日,晴/晴,5℃/0℃,北风3-4级/北风3-4级,ZD190
2016年3月11日,晴/晴,11℃/-2℃,南风≤3级/南风3-4级,ZD326
2016年3月11日,晴/晴,10℃/-2℃,南风3-4级/南风3-4级,ZD250
2016年3月11日,晴/晴,7℃/3℃,南风3-4级/南风3-4级,ZD190
2016年3月12日,多云/阴,13℃/2℃,南风3-4级/南风≤3级,ZD326
2016年3月12日,多云/小雨,12℃/1℃,南风3-4级/南风3-4级,ZD250
2016年3月12日,晴/阵雨,7℃/4℃,南风4-5级/南风4-5级,ZD190
2016年3月13日,晴/晴,12℃/-3℃,北风3-4级/北风≤3级,ZD326
2016年3月13日,晴/晴,12℃/-3℃,北风3-4级/北风3-4级,ZD250
2016年3月13日,阴/多云,9℃/0℃,南风3-4级/北风3-4级,ZD190
2016年3月14日,晴/晴,15℃/3℃,南风3-4级/南风3-4级,ZD326
2016年3月14日,晴/晴,14℃/3℃,南风3-4级/南风3-4级,ZD250
2016年3月14日,晴/晴,9℃/3℃,北风3-4级/南风3-4级,ZD190
2016年3月15日,多云/多云,14℃/3℃,南风3-4级/南风3-4级,ZD326
2016年3月15日,多云/多云,14℃/2℃,南风3-4级/南风3-4级,ZD250
2016年3月15日,晴/雾,9℃/4℃,南风3-4级/南风4-5级,ZD190
2016年3月16日,晴/晴,18℃/8℃,南风3-4级/南风3-4级,ZD326
2016年3月16日,晴/多云,17℃/6℃,南风3-4级/南风3-4级,ZD250
2016年3月16日,晴/晴,8℃/5℃,南风3-4级/南风4-5级,ZD190
2016年3月17日,多云/多云,20℃/8℃,南风3-4级/南风3-4级,ZD326
2016年3月17日,多云/多云,20℃/8℃,南风3-4级/南风3-4级,ZD250
2016年3月17日,阴/雾,10℃/6℃,南风4-5级/南风3-4级,ZD190
2016年3月18日,晴/晴,24℃/6℃,南风3-4级/北风≤3级,ZD326
2016年3月18日,多云/晴,22℃/5℃,南风3-4级/北风3-4级,ZD250
2016年3月18日,雾/雾,11℃/6℃,南风3-4级/北风3-4级,ZD190
2016年3月19日,晴/晴,17℃/4℃,北风≤3级/东北风≤3级,ZD326
2016年3月19日,晴/晴,17℃/4℃,北风3-4级/东风3-4级,ZD250
2016年3月19日,雾/晴,14℃/5℃,北风3-4级/北风3-4级,ZD190
2016年3月20日,晴/晴,18℃/2℃,北风≤3级/北风≤3级,ZD326
2016年3月20日,晴/晴,17℃/1℃,北风3-4级/南风≤3级,ZD250
2016年3月20日,晴/晴,15℃/5℃,北风3-4级/北风3-4级,ZD190
2016年3月21日,晴/晴,18℃/6℃,南风≤3级/南风≤3级,ZD326
2016年3月21日,晴/晴,19℃/5℃,南风3-4级/南风3-4级,ZD250
2016年3月21日,晴/晴,10℃/5℃,北风3-4级/南风3-4级,ZD190
2016年3月22日,多云/多云,18℃/4℃,北风3-4级/北风3-4级,ZD326
2016年3月22日,晴/多云,18℃/5℃,北风3-4级/北风3-4级,ZD250
2016年3月22日,多云/多云,11℃/5℃,南风3-4级/北风4-5级,ZD190
2016年3月23日,晴/晴,13℃/-2℃,北风3-4级/北风3-4级,ZD326
2016年3月23日,多云/多云,11℃/0℃,北风3-4级/北风3-4级,ZD250
2016年3月23日,多云/晴,11℃/2℃,北风4-5级/北风4-5级,ZD190
2016年3月24日,晴/晴,14℃/-1℃,北风≤3级/南风≤3级,ZD326
2016年3月24日,多云/晴,13℃/-1℃,北风3-4级/北风3-4级,ZD250
2016年3月24日,晴/晴,12℃/3℃,北风4-5级/北风3-4级,ZD190
2016年3月25日,晴/晴,16℃/1℃,北风≤3级/北风≤3级,ZD326
2016年3月25日,多云/晴,15℃/1℃,北风3-4级/北风3-4级,ZD250
2016年3月25日,晴/晴,12℃/4℃,北风3-4级/西北风3-4级,ZD190
2016年3月26日,晴/晴,17℃/2℃,北风≤3级/北风3-4级,ZD326
2016年3月26日,晴/晴,16℃/4℃,北风3-4级/北风3-4级,ZD250
2016年3月26日,晴/晴,13℃/5℃,西北风3-4级/西北风3-4级,ZD190
2016年3月27日,晴/晴,21℃/8℃,西南风3-4级/西南风3-4级,ZD326
2016年3月27日,晴/晴,20℃/9℃,北风3-4级/南风4-5级,ZD250
2016年3月27日,晴/晴,17℃/8℃,西北风3-4级/西南风3-4级,ZD190
2016年3月28日,多云/多云,23℃/9℃,西南风4-5级/南风4-5级,ZD326
2016年3月28日,晴/多云,23℃/10℃,南风4-5级/南风4-5级,ZD250
2016年3月28日,晴/多云,15℃/10℃,南风4-5级/南风4-5级,ZD190
2016年3月29日,晴/晴,20℃/12℃,北风3-4级/南风≤3级,ZD111
2016年3月29日,晴/多云,20℃/8℃,北风3-4级/南风3-4级,ZD326
2016年3月29日,多云/多云,18℃/8℃,南风3-4级/北风3-4级,ZD250
2016年3月29日,晴/晴,19℃/9℃,北风4-5级/南风3-4级,ZD190
2016年3月30日,晴/晴,24℃/16℃,南风3-4级/南风3-4级,ZD111
2016年3月30日,多云/晴,25℃/12℃,南风3-4级/南风3-4级,ZD326
2016年3月30日,多云/多云,23℃/11℃,北风3-4级/南风3-4级,ZD250
2016年3月30日,晴/多云,15℃/8℃,北风3-4级/南风3-4级,ZD190
2016年3月31日,晴/晴,25℃/17℃,南风4-5级/南风4-5级,ZD111
2016年3月31日,多云/多云,26℃/15℃,南风4-5级/南风4-5级,ZD326
2016年3月31日,多云/晴,25℃/14℃,南风4-5级/南风3-4级,ZD250
2016年3月31日,多云/晴,14℃/10℃,南风3-4级/南风4-5级,ZD190
2016年4月1日,晴/多云,26℃/13℃,南风3-4级/东北风3-4级,ZD111
2016年4月1日,多云/多云,26℃/10℃,北风≤3级/东北风3-4级,ZD326
2016年4月1日,多云/多云,26℃/11℃,南风3-4级/南风3-4级,ZD250
2016年4月1日,晴/晴,14℃/9℃,西南风3-4级/南风3-4级,ZD190
2016年4月2日,多云/阴,18℃/9℃,东北风4-5级/东北风4-5级,ZD111
2016年4月2日,阴/阴,16℃/7℃,北风3-4级/北风3-4级,ZD326
2016年4月2日,多云/阴,15℃/6℃,北风3-4级/北风3-4级,ZD250
2016年4月2日,多云/阴,14℃/9℃,东南风3-4级/东北风4-5级,ZD190
2016年4月3日,多云/晴,17℃/7℃,东北风3-4级/南风≤3级,ZD111
2016年4月3日,多云/多云,17℃/3℃,北风3-4级/北风3-4级,ZD326
2016年4月3日,多云/多云,16℃/4℃,北风3-4级/南风3-4级,ZD250
2016年4月3日,阴/多云,15℃/7℃,东北风4-5级/北风3-4级,ZD190
2016年4月4日,多云/多云,20℃/12℃,南风3-4级/南风3-4级,ZD111
2016年4月4日,晴/晴,21℃/9℃,南风≤3级/南风3-4级,ZD326
2016年4月4日,晴/多云,20℃/9℃,南风3-4级/南风3-4级,ZD250
2016年4月4日,晴/晴,13℃/9℃,北风3-4级/南风3-4级,ZD190
2016年4月5日,晴/多云,24℃/14℃,南风3-4级/南风3-4级,ZD111
2016年4月5日,晴/多云,24℃/10℃,南风3-4级/南风≤3级,ZD326
2016年4月5日,晴/多云,23℃/10℃,南风3-4级/南风3-4级,ZD250
2016年4月5日,晴/晴,14℃/9℃,南风3-4级/南风3-4级,ZD190
2016年4月6日,阴/多云,21℃/12℃,南风3-4级/南风≤3级,ZD111
2016年4月6日,多云/阴,23℃/10℃,南风≤3级/南风≤3级,ZD326
2016年4月6日,阴/多云,20℃/10℃,南风3-4级/南风3-4级,ZD250
2016年4月6日,多云/阴,13℃/9℃,南风3-4级/北风3-4级,ZD190
2016年4月7日,晴/晴,24℃/12℃,北风≤3级/南风≤3级,ZD111
2016年4月7日,晴/晴,25℃/9℃,北风4-5级/北风≤3级,ZD326
2016年4月7日,晴/晴,22℃/10℃,北风3-4级/北风3-4级,ZD250
2016年4月7日,多云/晴,20℃/10℃,北风3-4级/北风3-4级,ZD190
2016年4月8日,霾/霾,24℃/15℃,北风≤3级/南风≤3级,ZD111
2016年4月8日,晴/晴,24℃/10℃,南风≤3级/南风≤3级,ZD326
2016年4月8日,晴/晴,24℃/11℃,南风3-4级/南风3-4级,ZD250
2016年4月8日,晴/晴,19℃/12℃,北风3-4级/南风3-4级,ZD190
2016年4月9日,晴/晴,28℃/15℃,南风3-4级/南风≤3级,ZD111
2016年4月9日,晴/晴,29℃/9℃,南风≤3级/南风≤3级,ZD326
2016年4月9日,晴/晴,29℃/10℃,北风3-4级/北风3-4级,ZD250
2016年4月9日,雾/雾,16℃/11℃,东南风3-4级/东南风3-4级,ZD190
2016年4月10日,霾/晴,24℃/10℃,北风3-4级/东北风3-4级,ZD111
2016年4月10日,晴/晴,22℃/5℃,东北风3-4级/北风3-4级,ZD326
2016年4月10日,晴/晴,24℃/7℃,北风3-4级/北风3-4级,ZD250
2016年4月10日,晴/晴,17℃/9℃,南风3-4级/东北风3-4级,ZD190
2016年4月11日,晴/多云,23℃/14℃,南风≤3级/南风3-4级,ZD111
2016年4月11日,晴/多云,22℃/10℃,南风3-4级/南风3-4级,ZD326
2016年4月11日,晴/多云,21℃/8℃,南风3-4级/南风3-4级,ZD250
2016年4月11日,晴/多云,14℃/9℃,东南风3-4级/南风3-4级,ZD190
2016年4月12日,多云/多云,25℃/14℃,南风3-4级/西南风≤3级,ZD111
2016年4月12日,多云/多云,22℃/11℃,南风≤3级/南风3-4级,ZD326
2016年4月12日,多云/多云,24℃/10℃,南风4-5级/南风3-4级,ZD250
2016年4月12日,多云/阴,13℃/10℃,南风3-4级/南风3-4级,ZD190
2016年4月13日,晴/晴,28℃/15℃,西南风≤3级/东北风3-4级,ZD111
2016年4月13日,晴/晴,28℃/11℃,南风3-4级/南风≤3级,ZD326
2016年4月13日,晴/晴,28℃/13℃,南风3-4级/北风3-4级,ZD250
2016年4月13日,雾/晴,20℃/10℃,南风3-4级/南风3-4级,ZD190
2016年4月14日,多云/晴,26℃/18℃,东北风3-4级/南风3-4级,ZD111
2016年4月14日,晴/晴,23℃/11℃,北风≤3级/南风≤3级,ZD326
2016年4月14日,多云/多云,23℃/11℃,东北风3-4级/东南风3-4级,ZD250
2016年4月14日,雾/晴,20℃/9℃,东北风3-4级/南风3-4级,ZD190
2016年4月15日,多云/小雨,29℃/14℃,南风3-4级/南风3-4级,ZD111
2016年4月15日,多云/小雨,29℃/11℃,南风3-4级/南风3-4级,ZD326
2016年4月15日,多云/小雨,28℃/12℃,南风3-4级/南风3-4级,ZD250
2016年4月15日,雾/小雨,14℃/10℃,南风3-4级/南风4-5级,ZD190
2016年4月16日,小雨/晴,20℃/10℃,北风3-4级/北风≤3级,ZD111
2016年4月16日,小雨/多云,15℃/8℃,北风3-4级/北风≤3级,ZD326
2016年4月16日,小到中雨/多云,14℃/10℃,南风3-4级/北风3-4级,ZD250
2016年4月16日,小到中雨/多云,13℃/9℃,南风5-6级/北风5-6级,ZD190
2016年4月17日,多云/多云,20℃/11℃,西风3-4级/西南风≤3级,ZD111
2016年4月17日,晴/多云,20℃/8℃,南风≤3级/北风3-4级,ZD326
2016年4月17日,多云/多云,20℃/11℃,北风3-4级/南风3-4级,ZD250
2016年4月17日,多云/多云,18℃/10℃,北风4-5级/西南风4-5级,ZD190
2016年4月18日,晴/晴,20℃/11℃,西北风≤3级/南风≤3级,ZD111
2016年4月18日,多云/晴,20℃/7℃,北风3-4级/南风3-4级,ZD326
2016年4月18日,晴/多云,20℃/8℃,北风4-5级/南风3-4级,ZD250
2016年4月18日,多云/晴,19℃/9℃,北风4-5级/南风4-5级,ZD190
2016年4月19日,晴/多云,25℃/17℃,南风3-4级/南风3-4级,ZD111
2016年4月19日,多云/多云,25℃/14℃,南风3-4级/南风3-4级,ZD326
2016年4月19日,多云/阴,23℃/11℃,南风3-4级/南风4-5级,ZD250
2016年4月19日,晴/多云,14℃/10℃,南风3-4级/南风4-5级,ZD190
2016年4月20日,多云/晴,24℃/14℃,北风≤3级/南风≤3级,ZD111
2016年4月20日,阴/多云,24℃/11℃,南风≤3级/北风≤3级,ZD326
2016年4月20日,多云/多云,22℃/12℃,东南风3-4级/北风3-4级,ZD250
2016年4月20日,多云/雾,15℃/11℃,南风4-5级/南风3-4级,ZD190
2016年4月21日,晴/晴,29℃/16℃,南风3-4级/南风3-4级,ZD111
2016年4月21日,晴/晴,29℃/13℃,南风3-4级/南风3-4级,ZD326
2016年4月21日,晴/晴,29℃/13℃,南风3-4级/南风3-4级,ZD250
2016年4月21日,多云/晴,19℃/13℃,北风3-4级/西南风4-5级,ZD190
2016年4月22日,多云/多云,25℃/17℃,东北风3-4级/南风≤3级,ZD111
2016年4月22日,多云/晴,25℃/13℃,北风3-4级/北风≤3级,ZD326
2016年4月22日,晴/多云,23℃/12℃,北风3-4级/北风3-4级,ZD250
2016年4月22日,晴/晴,23℃/11℃,北风3-4级/南风3-4级,ZD190
2016年4月23日,阴/多云,23℃/14℃,东风≤3级/南风≤3级,ZD111
2016年4月23日,多云/多云,23℃/13℃,北风≤3级/南风≤3级,ZD326
2016年4月23日,多云/多云,23℃/11℃,北风3-4级/南风3-4级,ZD250
2016年4月23日,多云/多云,17℃/11℃,南风3-4级/南风3-4级,ZD190
2016年4月24日,晴/晴,27℃/17℃,南风3-4级/南风3-4级,ZD111
2016年4月24日,晴/晴,27℃/13℃,南风3-4级/南风3-4级,ZD326
2016年4月24日,多云/晴,26℃/12℃,南风3-4级/东南风3-4级,ZD250
2016年4月24日,晴/晴,18℃/11℃,南风3-4级/南风3-4级,ZD190
2016年4月25日,晴/多云,27℃/17℃,南风≤3级/东南风≤3级,ZD111
2016年4月25日,晴/多云,28℃/13℃,南风≤3级/南风≤3级,ZD326
2016年4月25日,晴/多云,27℃/11℃,南风3-4级/南风3-4级,ZD250
2016年4月25日,晴/多云,17℃/12℃,南风3-4级/东南风3-4级,ZD190
2016年4月26日,多云/多云,25℃/12℃,东北风≤3级/东北风≤3级,ZD111
2016年4月26日,多云/多云,25℃/11℃,南风3-4级/东北风3-4级,ZD326
2016年4月26日,多云/阴,22℃/11℃,东南风3-4级/北风3-4级,ZD250
2016年4月26日,多云/阴,16℃/13℃,南风3-4级/北风3-4级,ZD190
2016年4月27日,多云/阴,23℃/14℃,东北风≤3级/北风≤3级,ZD111
2016年4月27日,多云/多云,23℃/12℃,东北风3-4级/北风≤3级,ZD326
2016年4月27日,阴/多云,22℃/11℃,北风3-4级/北风3-4级,ZD250
2016年4月27日,阵雨/多云,17℃/12℃,北风3-4级/北风3-4级,ZD190
2016年4月28日,多云/多云,22℃/15℃,东北风≤3级/南风≤3级,ZD111
2016年4月28日,多云/晴,24℃/11℃,北风≤3级/北风≤3级,ZD326
2016年4月28日,多云/晴,22℃/10℃,北风3-4级/北风3-4级,ZD250
2016年4月28日,多云/晴,24℃/12℃,北风3-4级/北风3-4级,ZD190
